round,position,builder,leaf_cap,bins,render_loop_ms,build_ms,validation_ms,nodes,leaves,max_depth,whole_process_seconds,gpu_before,gpu_after,all_outputs_byte_identical
1,1,median,2,16,14445.9903,21.2107,5.5628,100376,50196,14,17.470859799999744,"56, 210, 405, 4.01, 24","68, 2580, 8001, 54.03, 100",True
1,2,median,4,16,15475.0804,20.5486,4.417099999999999,54088,27052,13,18.536992499999542,"68, 2580, 8001, 54.03, 100","71, 2580, 8001, 54.85, 100",True
1,3,median,8,16,17093.4876,17.711599999999994,3.0983,29132,14574,12,20.34181709999939,"66, 2580, 8001, 49.03, 1","72, 2580, 8001, 55.29, 99",True
1,4,sah,2,16,5796.7901,74.1076,5.171600000000001,96582,48299,22,7.690514099998836,"72, 2580, 8001, 55.29, 99","72, 2580, 8001, 56.94, 99",True
1,5,sah,4,16,5914.7839,53.9928,4.102399999999999,55238,27627,20,7.8182671000013215,"72, 2580, 8001, 56.94, 99","68, 2580, 8001, 56.33, 64",True
1,6,sah,8,16,6307.6474,40.08600000000001,3.2508,30012,15014,19,8.254211900000882,"68, 2580, 8001, 56.33, 64","67, 2580, 8001, 49.19, 3",True
2,1,median,4,16,15481.0383,17.742899999999995,3.5688999999999997,54088,27052,13,18.52159109999957,"67, 2580, 8001, 49.19, 3","70, 2580, 8001, 52.63, 1",True
2,2,median,8,16,17092.1203,17.3081,2.9647999999999994,29132,14574,12,20.329394200000024,"70, 2580, 8001, 52.63, 1","69, 2580, 8001, 51.28, 1",True
2,3,sah,2,16,5796.842,75.2063,5.3178,96582,48299,22,7.68629349999901,"69, 2580, 8001, 51.28, 1","73, 2580, 8001, 57.60, 99",True
2,4,sah,4,16,5912.6548,52.9455,3.9279,55238,27627,20,7.802238700000089,"73, 2580, 8001, 57.60, 99","74, 2580, 8001, 57.84, 99",True
2,5,sah,8,16,6312.8304,39.8889,3.1177,30012,15014,19,8.242920700000468,"74, 2580, 8001, 57.84, 99","74, 2580, 8001, 55.91, 37",True
2,6,median,2,16,14470.4463,21.3061,5.465999999999999,100376,50196,14,17.401780099999087,"74, 2580, 8001, 55.91, 37","70, 2580, 8001, 55.07, 66",True
3,1,median,8,16,17105.9904,17.454700000000003,3.0408,29132,14574,12,20.364312899999277,"70, 2580, 8001, 55.07, 66","74, 2580, 8001, 53.95, 30",True
3,2,sah,2,16,5819.5934,74.1211,5.6761,96582,48299,22,7.709646399998746,"74, 2580, 8001, 53.95, 30","69, 2580, 8001, 51.41, 1",True
3,3,sah,4,16,5937.9465,53.3033,4.181900000000001,55238,27627,20,7.819170999999187,"69, 2580, 8001, 51.41, 1","75, 2580, 8001, 58.04, 99",True
3,4,sah,8,16,6331.3988,38.705000000000005,3.0608000000000004,30012,15014,19,8.24804740000036,"69, 2580, 8001, 49.46, 1","75, 2580, 8001, 58.00, 99",True
3,5,median,2,16,14554.4888,20.9715,5.2983,100376,50196,14,17.4919546000001,"75, 2580, 8001, 58.00, 99","75, 2565, 8001, 56.28, 99",True
3,6,median,4,16,15603.2737,18.5704,4.0934,54088,27052,13,18.661001600001327,"75, 2565, 8001, 56.28, 99","70, 2565, 8001, 55.06, 68",True
4,1,sah,2,16,5819.4707,74.66709999999999,5.311,96582,48299,22,7.719360299999607,"70, 2565, 8001, 55.06, 68","69, 2580, 8001, 52.01, 1",True
4,2,sah,4,16,5939.3841,53.428500000000014,3.8981000000000003,55238,27627,20,7.832167800001116,"69, 2580, 8001, 52.01, 1","68, 2580, 8001, 31.60, 2",True
4,3,sah,8,16,6497.5858,40.25069999999999,3.0924,30012,15014,19,8.437488600000506,"68, 2580, 8001, 31.60, 2","69, 2580, 8001, 28.22, 7",True
4,4,median,2,16,14508.2133,21.6068,5.7305,100376,50196,14,17.522573000000193,"69, 2580, 8001, 28.22, 7","70, 2580, 8001, 55.13, 71",True
4,5,median,4,16,15526.4142,18.6789,3.6350999999999996,54088,27052,13,18.588087300000552,"70, 2580, 8001, 55.13, 71","73, 2580, 8001, 55.81, 100",True
4,6,median,8,16,17141.4264,19.3959,3.403000000000001,29132,14574,12,20.45604859999912,"73, 2580, 8001, 55.81, 100","74, 2580, 8001, 55.98, 100",True
5,1,sah,4,16,5952.2219,54.00390000000001,3.8983999999999996,55238,27627,20,7.853616700000202,"69, 2580, 8001, 46.88, 1","74, 2580, 8001, 57.95, 99",True
5,2,sah,8,16,6363.6286,39.3776,3.0933,30012,15014,19,8.277450900000986,"74, 2580, 8001, 57.95, 99","74, 2580, 8001, 57.72, 99",True
5,3,median,2,16,14565.5397,20.176200000000005,5.522699999999999,100376,50196,14,17.512545200001114,"74, 2580, 8001, 57.72, 99","73, 2580, 8001, 55.96, 99",True
5,4,median,4,16,15587.0822,18.6373,3.7868,54088,27052,13,18.665206199999375,"73, 2580, 8001, 55.96, 99","73, 2565, 8001, 54.03, 43",True
5,5,median,8,16,17137.6053,17.8316,3.0298000000000003,29132,14574,12,20.391838199999256,"73, 2565, 8001, 54.03, 43","69, 2580, 8001, 54.11, 54",True
5,6,sah,2,16,5833.1639,74.4376,5.425199999999999,96582,48299,22,7.752541100000599,"69, 2580, 8001, 54.11, 54","68, 2580, 8001, 51.10, 1",True
6,1,sah,8,16,6346.1258,40.14759999999999,3.254,30012,15014,19,8.254405099998621,"68, 2580, 8001, 51.10, 1","73, 2580, 8001, 57.09, 99",True
6,2,median,2,16,14486.7299,20.925099999999997,5.427999999999999,100376,50196,14,17.434243100000458,"67, 2580, 8001, 48.61, 1","67, 2580, 8001, 48.16, 1",True
6,3,median,4,16,15503.871,18.149299999999997,3.7095,54088,27052,13,18.573039900000367,"67, 2580, 8001, 48.16, 1","68, 2580, 8001, 53.76, 34",True
6,4,median,8,16,17145.1203,17.475099999999998,3.1458000000000004,29132,14574,12,20.418143700000655,"68, 2580, 8001, 53.76, 34","70, 2580, 8001, 55.34, 88",True
6,5,sah,2,16,5857.663,75.1529,5.3734,96582,48299,22,7.755080699998871,"70, 2580, 8001, 55.34, 88","68, 2580, 8001, 53.18, 1",True
6,6,sah,4,16,5976.5823,53.22090000000001,3.9573000000000005,55238,27627,20,7.869609400000627,"68, 2580, 8001, 53.18, 1","69, 2580, 8001, 53.16, 2",True
