scene,mode,triangles,repeats,application_median_s,application_min_s,application_max_s,intersection_median_ms_per_spp,intersection_min_ms_per_spp,intersection_max_ms_per_spp,cpu_build_median_ms,allocation_upload_median_ms,bvh_payload_bytes,triangle_tests,node_visits
simple,brute,36,6,0.9114089999638963,0.8596815000055358,0.9539921000250615,1.5950337501126342,1.5560125001939014,1.6042610007571056,0.011200000000000002,0.0212,984,724232052,0
simple,aabb,36,6,0.9137480500212405,0.8685251999995671,0.9221690999693237,1.275806249876041,1.2527489989297464,1.2900339965708554,0.01175,0.026099999999999998,984,34503468,0
simple,bvh,36,6,0.9298863500007428,0.8841543999733403,0.9968773999717087,1.723112750099972,1.6939519986044616,1.7912269968073815,0.01095,0.019950000000000002,984,34503480,20127030
torus_exterior,brute,4108,6,5.666417950007599,5.5285665999981575,6.458434899977874,76.53668145090342,71.0864640623331,88.62584654986858,0.925,0.054,98592,81219079032,0
torus_exterior,aabb,4108,6,4.38271644996712,4.264854300010484,4.6293703999836,56.54174019396305,54.5052349306643,57.5659174695611,0.8284,0.0534,98592,2182943084,0
torus_exterior,bvh,4108,6,0.9385485000093468,0.9040599999716505,0.991533900029026,2.1401809985982254,2.107429497409612,2.1633809986524284,1.01165,0.054099999999999995,98592,9909796,11721096
torus_interior,brute,4108,6,5.8561350000381935,5.801786600030027,6.00709889997961,79.56423623114824,78.66356498003006,82.47360995411873,0.9213499999999999,0.0702,98592,84718852660,0
torus_interior,aabb,4108,6,5.424975199974142,5.330322900030296,5.53023650002433,72.20727361366153,71.89161365479231,72.82502559572458,0.8254,0.055099999999999996,98592,19915189224,0
torus_interior,bvh,4108,6,0.9522540500038303,0.9122317000292242,0.9799730000086129,2.2937832481693476,2.2909529958851635,2.3104249972384423,0.8574999999999999,0.0593,98592,16019660,60522093
