configuration,depth,object_index,mesh,sampled_rays,queries,bounded_queries,hits,root_rejects,node_visits,aabb_tests,triangle_tests,fallbacks,max_stack
median4,0,0,stone,60000,60000,0,13689,0,4095158,7773910,784354,0,12
median4,0,1,trim,60000,60000,13689,892,33409,277017,591858,32279,0,6
median4,0,2,mirror,60000,60000,13744,4028,52785,141194,290174,101482,0,9
median4,0,3,edges,60000,60000,17772,937,53158,96282,228146,44182,0,9
median4,0,4,metal,60000,60000,17987,826,54736,49081,149198,15764,0,11
median4,0,5,floor,60000,60000,18453,27971,32029,453632,724160,391689,0,5
median4,0,6,grout,60000,60000,46424,0,60000,0,60000,0,0,0
median4,0,7,night_exterior,60000,60000,46424,13576,46424,13576,60000,27152,0,1
median4,0,8,upper_sky,60000,60000,60000,0,60000,0,60000,0,0,0
median4,0,9,moon,60000,60000,60000,70,59923,842,61088,894,0,4
median4,0,10,aged_brass,60000,60000,60000,1507,43966,188109,412680,41413,0,9
median4,0,11,gold_trim,60000,60000,60000,364,42328,151892,350010,20818,0,8
median4,0,12,wax,60000,60000,60000,119,52013,54453,163344,7556,0,7
median4,0,13,wick,60000,60000,60000,1,53348,29204,115644,4214,0,4
median4,0,14,flames,60000,60000,60000,38,51907,45283,147834,4615,0,6
median4,0,15,bounce_fill,60000,60000,60000,0,60000,0,60000,0,0,0
median4,1,0,stone,46649,46649,0,16827,269,2842388,5344119,607681,0,13
median4,1,1,trim,46649,46649,16827,1129,26314,248186,513969,42539,0,6
median4,1,2,mirror,46649,46649,17152,1736,39275,155143,302919,105579,0,9
median4,1,3,edges,46649,46649,18319,655,39804,109792,237613,52366,0,9
median4,1,4,metal,46649,46649,18419,654,41090,59249,153305,20782,0,11
median4,1,5,floor,46649,46649,18688,4122,42378,70228,149939,59764,0,8
median4,1,6,grout,46649,46649,22771,86,46563,602,47165,1032,0,3
median4,1,7,night_exterior,46649,46649,22856,1186,45463,1186,46649,2372,0,1
median4,1,8,upper_sky,46649,46649,24042,3978,42154,4495,46649,8990,0,1
median4,1,9,moon,46649,46649,28020,0,46649,0,46649,0,0,0
median4,1,10,aged_brass,46649,46649,28020,903,34783,168702,357367,47026,0,10
median4,1,11,gold_trim,46649,46649,28164,394,34549,121309,276367,19545,0,9
median4,1,12,wax,46649,46649,28243,141,41628,36579,115309,6145,0,7
median4,1,13,wick,46649,46649,28280,1,42827,16642,78049,2893,0,3
median4,1,14,flames,46649,46649,28280,53,41886,26627,97967,3147,0,7
median4,1,15,bounce_fill,46649,46649,28294,6105,40544,6105,46649,12210,0,1
median4,2,0,stone,23152,23152,0,7913,352,1429450,2688844,304782,0,13
median4,2,1,trim,23152,23152,7913,698,12752,131751,268852,26044,0,7
median4,2,2,mirror,23152,23152,8117,687,20545,63052,126136,44962,0,9
median4,2,3,edges,23152,23152,8682,402,20691,46109,101508,25522,0,8
median4,2,4,metal,23152,23152,8752,246,21333,26940,70788,10905,0,11
median4,2,5,floor,23152,23152,8894,5437,17628,90942,156810,77702,0,7
median4,2,6,grout,23152,23152,14230,159,22993,1113,24106,1908,0,3
median4,2,7,night_exterior,23152,23152,14386,436,22716,436,23152,872,0,1
median4,2,8,upper_sky,23152,23152,14822,757,22105,1047,23152,2094,0,1
median4,2,9,moon,23152,23152,15579,0,23152,0,23152,0,0,0
median4,2,10,aged_brass,23152,23152,15579,449,18457,76429,162602,23444,0,10
median4,2,11,gold_trim,23152,23152,15660,244,18430,54129,124032,11171,0,9
median4,2,12,wax,23152,23152,15722,62,21357,13939,48994,2720,0,7
median4,2,13,wick,23152,23152,15736,1,21853,5479,33552,853,0,3
median4,2,14,flames,23152,23152,15736,20,21584,8856,40222,1058,0,6
median4,2,15,bounce_fill,23152,23152,15738,1329,21823,1329,23152,2658,0,1
median4,3,0,stone,14552,14552,0,5740,474,853395,1598390,192660,0,13
median4,3,1,trim,14552,14552,5740,549,8622,78661,159860,17572,0,7
median4,3,2,mirror,14552,14552,5910,1034,12536,49761,95226,36627,0,9
median4,3,3,edges,14552,14552,6639,383,12648,37370,77946,20817,0,9
median4,3,4,metal,14552,14552,6689,252,13183,17892,46224,7195,0,11
median4,3,5,floor,14552,14552,6824,2240,12217,37924,70306,32287,0,6
median4,3,6,grout,14552,14552,9002,68,14484,476,14960,816,0,3
median4,3,7,night_exterior,14552,14552,9059,251,14301,251,14552,502,0,1
median4,3,8,upper_sky,14552,14552,9310,655,13723,829,14552,1658,0,1
median4,3,9,moon,14552,14552,9965,0,14552,0,14552,0,0,0
median4,3,10,aged_brass,14552,14552,9965,300,11918,43022,92968,13341,0,9
median4,3,11,gold_trim,14552,14552,10023,155,11930,30982,72070,6738,0,9
median4,3,12,wax,14552,14552,10050,31,13630,6885,27372,1268,0,8
median4,3,13,wick,14552,14552,10058,3,13915,2648,19582,405,0,5
median4,3,14,flames,14552,14552,10060,13,13777,4347,22934,508,0,6
median4,3,15,bounce_fill,14552,14552,10064,927,13625,927,14552,1854,0,1
median4,4,0,stone,9157,9157,0,3541,295,543710,1018785,123040,0,13
median4,4,1,trim,9157,9157,3541,403,5395,50746,102285,12174,0,7
median4,4,2,mirror,9157,9157,3651,449,7619,39075,72725,28372,0,8
median4,4,3,edges,9157,9157,3965,265,7683,30118,60423,16428,0,9
median4,4,4,metal,9157,9157,4001,129,8179,12483,31079,5290,0,10
median4,4,5,floor,9157,9157,4071,2277,6826,38449,65643,32813,0,7
median4,4,6,grout,9157,9157,6254,56,9101,392,9493,672,0,3
median4,4,7,night_exterior,9157,9157,6302,146,9011,146,9157,292,0,1
median4,4,8,upper_sky,9157,9157,6448,343,8708,449,9157,898,0,1
median4,4,9,moon,9157,9157,6791,0,9157,0,9157,0,0,0
median4,4,10,aged_brass,9157,9157,6791,197,7641,25179,54859,8111,0,9
median4,4,11,gold_trim,9157,9157,6826,97,7665,18081,42481,4300,0,9
median4,4,12,wax,9157,9157,6859,26,8616,4159,16879,813,0,6
median4,4,13,wick,9157,9157,6863,0,8780,1652,12293,257,0,2
median4,4,14,flames,9157,9157,6863,8,8718,2653,14253,354,0,6
median4,4,15,bounce_fill,9157,9157,6864,459,8698,459,9157,918,0,1
median4,5,0,stone,6379,6379,0,2669,268,374626,701111,86042,0,13
median4,5,1,trim,6379,6379,2669,338,3785,35101,70543,8783,0,6
median4,5,2,mirror,6379,6379,2768,625,5181,31823,57757,23824,0,9
median4,5,3,edges,6379,6379,3205,240,5220,24638,48137,13854,0,9
median4,5,4,metal,6379,6379,3233,123,5602,9238,22731,3678,0,11
median4,5,5,floor,6379,6379,3306,1201,5129,20477,36413,17483,0,6
median4,5,6,grout,6379,6379,4423,41,6338,287,6625,492,0,3
median4,5,7,night_exterior,6379,6379,4454,116,6263,116,6379,232,0,1
median4,5,8,upper_sky,6379,6379,4570,223,6093,286,6379,572,0,1
median4,5,9,moon,6379,6379,4793,0,6379,0,6379,0,0,0
median4,5,10,aged_brass,6379,6379,4793,126,5429,16977,36971,5828,0,9
median4,5,11,gold_trim,6379,6379,4820,73,5463,11640,27651,3054,0,8
median4,5,12,wax,6379,6379,4837,22,6065,2636,11183,621,0,5
median4,5,13,wick,6379,6379,4843,1,6158,904,8105,127,0,3
median4,5,14,flames,6379,6379,4843,4,6117,1361,9017,138,0,6
median4,5,15,bounce_fill,6379,6379,4844,302,6077,302,6379,604,0,1
median4,6,0,stone,4511,4511,0,1942,237,266138,497665,61757,0,13
median4,6,1,trim,4511,4511,1942,269,2633,25680,51257,6724,0,6
median4,6,2,mirror,4511,4511,2010,339,3550,26106,46625,19628,0,9
median4,6,3,edges,4511,4511,2232,197,3569,20783,39739,11682,0,9
median4,6,4,metal,4511,4511,2259,76,3916,6720,16389,2734,0,10
median4,6,5,floor,4511,4511,2303,1199,3264,20510,34671,17423,0,6
median4,6,6,grout,4511,4511,3396,33,4478,231,4709,396,0,3
median4,6,7,night_exterior,4511,4511,3418,62,4449,62,4511,124,0,1
median4,6,8,upper_sky,4511,4511,3480,109,4370,141,4511,282,0,1
median4,6,9,moon,4511,4511,3589,0,4511,0,4511,0,0,0
median4,6,10,aged_brass,4511,4511,3589,107,3880,11324,24919,3889,0,10
median4,6,11,gold_trim,4511,4511,3612,57,3899,8097,19205,2274,0,8
median4,6,12,wax,4511,4511,3624,17,4275,2030,8221,461,0,6
median4,6,13,wick,4511,4511,3630,1,4356,645,5739,95,0,4
median4,6,14,flames,4511,4511,3631,4,4332,1009,6447,136,0,6
median4,6,15,bounce_fill,4511,4511,3632,185,4326,185,4511,370,0,1
median4,7,0,stone,3468,3468,0,1481,196,201317,376414,46931,0,13
median4,7,1,trim,3468,3468,1481,216,2081,19120,38272,5012,0,6
median4,7,2,mirror,3468,3468,1547,451,2663,22559,39648,17351,0,9
median4,7,3,edges,3468,3468,1863,195,2684,17693,33400,10054,0,9
median4,7,4,metal,3468,3468,1882,71,2975,5407,13006,2225,0,9
median4,7,5,floor,3468,3468,1918,769,2653,13201,22820,11264,0,6
median4,7,6,grout,3468,3468,2619,33,3435,231,3666,396,0,3
median4,7,7,night_exterior,3468,3468,2642,48,3420,48,3468,96,0,1
median4,7,8,upper_sky,3468,3468,2690,86,3360,108,3468,216,0,1
median4,7,9,moon,3468,3468,2776,0,3468,0,3468,0,0,0
median4,7,10,aged_brass,3468,3468,2776,69,3026,7933,17760,2744,0,9
median4,7,11,gold_trim,3468,3468,2794,41,3042,5714,13866,1560,0,9
median4,7,12,wax,3468,3468,2810,16,3309,1450,6098,359,0,7
median4,7,13,wick,3468,3468,2817,0,3373,447,4306,86,0,3
median4,7,14,flames,3468,3468,2817,4,3354,686,4780,95,0,6
median4,7,15,bounce_fill,3468,3468,2818,111,3357,111,3468,222,0,1
sah2,0,0,stone,60000,60000,0,13689,0,673893,1359056,45509,0,10
sah2,0,1,trim,60000,60000,13689,892,33409,103086,262906,3097,0,4
sah2,0,2,mirror,60000,60000,13744,4028,52785,101145,228744,27110,0,8
sah2,0,3,edges,60000,60000,17772,937,53158,68448,178998,15016,0,9
sah2,0,4,metal,60000,60000,17987,826,54736,35276,124980,4965,0,11
sah2,0,5,floor,60000,60000,18453,27971,32029,361982,727600,56364,0,4
sah2,0,6,grout,60000,60000,46424,0,60000,0,60000,0,0,0
sah2,0,7,night_exterior,60000,60000,46424,13576,46424,13576,60000,27152,0,1
sah2,0,8,upper_sky,60000,60000,60000,0,60000,0,60000,0,0,0
sah2,0,9,moon,60000,60000,60000,70,59923,1373,61684,776,0,5
sah2,0,10,aged_brass,60000,60000,60000,1507,43966,79188,202986,14509,0,11
sah2,0,11,gold_trim,60000,60000,60000,364,42328,54516,166296,2578,0,8
sah2,0,12,wax,60000,60000,60000,119,52013,18523,96544,490,0,6
sah2,0,13,wick,60000,60000,60000,1,53348,13168,86304,29,0,3
sah2,0,14,flames,60000,60000,60000,38,51907,17589,94864,286,0,6
sah2,0,15,bounce_fill,60000,60000,60000,0,60000,0,60000,0,0,0
sah2,1,0,stone,46649,46649,0,16827,269,621416,1216453,69816,0,13
sah2,1,1,trim,46649,46649,16827,1129,26314,94109,230525,4064,0,5
sah2,1,2,mirror,46649,46649,17152,1736,39275,106459,226831,26499,0,8
sah2,1,3,edges,46649,46649,18319,655,39804,76920,180363,17076,0,9
sah2,1,4,metal,46649,46649,18419,654,41090,44322,127673,6769,0,10
sah2,1,5,floor,46649,46649,18688,4122,42378,54968,148137,8448,0,6
sah2,1,6,grout,46649,46649,22771,86,46563,516,47509,172,0,2
sah2,1,7,night_exterior,46649,46649,22856,1186,45463,1186,46649,2372,0,1
sah2,1,8,upper_sky,46649,46649,24042,3978,42154,4495,46649,8990,0,1
sah2,1,9,moon,46649,46649,28020,0,46649,0,46649,0,0,0
sah2,1,10,aged_brass,46649,46649,28020,903,34783,78243,186593,15616,0,10
sah2,1,11,gold_trim,46649,46649,28164,394,34549,48778,139737,4229,0,8
sah2,1,12,wax,46649,46649,28243,141,41628,13380,72541,849,0,7
sah2,1,13,wick,46649,46649,28280,1,42827,7297,61231,11,0,2
sah2,1,14,flames,46649,46649,28280,53,41886,10782,67785,388,0,6
sah2,1,15,bounce_fill,46649,46649,28294,6105,40544,6105,46649,12210,0,1
sah2,2,0,stone,23152,23152,0,7913,352,341247,666778,37412,0,12
sah2,2,1,trim,23152,23152,7913,698,12752,52396,125000,2784,0,5
sah2,2,2,mirror,23152,23152,8117,687,20545,42543,95824,10138,0,8
sah2,2,3,edges,23152,23152,8682,402,20691,33085,79774,8006,0,9
sah2,2,4,metal,23152,23152,8752,246,21333,21128,61126,3769,0,10
sah2,2,5,floor,23152,23152,8894,5437,17628,71370,154668,11224,0,5
sah2,2,6,grout,23152,23152,14230,159,22993,954,24742,318,0,2
sah2,2,7,night_exterior,23152,23152,14386,436,22716,436,23152,872,0,1
sah2,2,8,upper_sky,23152,23152,14822,757,22105,1047,23152,2094,0,1
sah2,2,9,moon,23152,23152,15579,0,23152,0,23152,0,0,0
sah2,2,10,aged_brass,23152,23152,15579,449,18457,38388,91068,8361,0,10
sah2,2,11,gold_trim,23152,23152,15660,244,18430,25141,69832,3417,0,8
sah2,2,12,wax,23152,23152,15722,62,21357,6162,34858,603,0,6
sah2,2,13,wick,23152,23152,15736,1,21853,2548,28244,3,0,4
sah2,2,14,flames,23152,23152,15736,20,21584,3753,30516,128,0,6
sah2,2,15,bounce_fill,23152,23152,15738,1329,21823,1329,23152,2658,0,1
sah2,3,0,stone,14552,14552,0,5740,474,206370,402364,24030,0,12
sah2,3,1,trim,14552,14552,5740,549,8622,31555,75578,2002,0,6
sah2,3,2,mirror,14552,14552,5910,1034,12536,34322,72266,8743,0,9
sah2,3,3,edges,14552,14552,6639,383,12648,26217,59194,6563,0,9
sah2,3,4,metal,14552,14552,6689,252,13183,13902,39558,2437,0,11
sah2,3,5,floor,14552,14552,6824,2240,12217,30379,70582,4728,0,6
sah2,3,6,grout,14552,14552,9002,68,14484,408,15232,136,0,2
sah2,3,7,night_exterior,14552,14552,9059,251,14301,251,14552,502,0,1
sah2,3,8,upper_sky,14552,14552,9310,655,13723,829,14552,1658,0,1
sah2,3,9,moon,14552,14552,9965,0,14552,0,14552,0,0,0
sah2,3,10,aged_brass,14552,14552,9965,300,11918,21700,52932,4757,0,8
sah2,3,11,gold_trim,14552,14552,10023,155,11930,14461,41252,2107,0,7
sah2,3,12,wax,14552,14552,10050,31,13630,3048,20354,287,0,6
sah2,3,13,wick,14552,14552,10058,3,13915,1280,17104,8,0,3
sah2,3,14,flames,14552,14552,10060,13,13777,1886,18242,74,0,5
sah2,3,15,bounce_fill,14552,14552,10064,927,13625,927,14552,1854,0,1
sah2,4,0,stone,9157,9157,0,3541,295,131519,256625,14937,0,11
sah2,4,1,trim,9157,9157,3541,403,5395,20768,49073,1549,0,5
sah2,4,2,mirror,9157,9157,3651,449,7619,26595,54127,6554,0,8
sah2,4,3,edges,9157,9157,3965,265,7683,20843,44737,5176,0,9
sah2,4,4,metal,9157,9157,4001,129,8179,9803,26709,1771,0,9
sah2,4,5,floor,9157,9157,4071,2277,6826,30300,64903,4854,0,7
sah2,4,6,grout,9157,9157,6254,56,9101,336,9717,112,0,2
sah2,4,7,night_exterior,9157,9157,6302,146,9011,146,9157,292,0,1
sah2,4,8,upper_sky,9157,9157,6448,343,8708,449,9157,898,0,1
sah2,4,9,moon,9157,9157,6791,0,9157,0,9157,0,0,0
sah2,4,10,aged_brass,9157,9157,6791,197,7641,13205,32521,2894,0,10
sah2,4,11,gold_trim,9157,9157,6826,97,7665,8669,25045,1379,0,6
sah2,4,12,wax,9157,9157,6859,26,8616,1833,12639,180,0,6
sah2,4,13,wick,9157,9157,6863,0,8780,768,10689,3,0,2
sah2,4,14,flames,9157,9157,6863,8,8718,1121,11339,52,0,5
sah2,4,15,bounce_fill,9157,9157,6864,459,8698,459,9157,918,0,1
sah2,5,0,stone,6379,6379,0,2669,268,92170,179623,10667,0,12
sah2,5,1,trim,6379,6379,2669,338,3785,14608,34373,1173,0,4
sah2,5,2,mirror,6379,6379,2768,625,5181,21751,42819,5601,0,8
sah2,5,3,edges,6379,6379,3205,240,5220,17191,35499,4516,0,9
sah2,5,4,metal,6379,6379,3233,123,5602,7127,19253,1216,0,10
sah2,5,5,floor,6379,6379,3306,1201,5129,16552,36841,2642,0,5
sah2,5,6,grout,6379,6379,4423,41,6338,246,6789,82,0,2
sah2,5,7,night_exterior,6379,6379,4454,116,6263,116,6379,232,0,1
sah2,5,8,upper_sky,6379,6379,4570,223,6093,286,6379,572,0,1
sah2,5,9,moon,6379,6379,4793,0,6379,0,6379,0,0,0
sah2,5,10,aged_brass,6379,6379,4793,126,5429,9459,22983,2198,0,10
sah2,5,11,gold_trim,6379,6379,4820,73,5463,5710,16731,1009,0,8
sah2,5,12,wax,6379,6379,4837,22,6065,1210,8647,148,0,4
sah2,5,13,wick,6379,6379,4843,1,6158,455,7287,2,0,2
sah2,5,14,flames,6379,6379,4843,4,6117,646,7643,24,0,4
sah2,5,15,bounce_fill,6379,6379,4844,302,6077,302,6379,604,0,1
sah2,6,0,stone,4511,4511,0,1942,237,66540,129405,7813,0,13
sah2,6,1,trim,4511,4511,1942,269,2633,10978,25509,933,0,5
sah2,6,2,mirror,4511,4511,2010,339,3550,17766,34343,4506,0,8
sah2,6,3,edges,4511,4511,2232,197,3569,14173,28647,3561,0,8
sah2,6,4,metal,4511,4511,2259,76,3916,5026,13517,906,0,10
sah2,6,5,floor,4511,4511,2303,1199,3264,16286,34431,2652,0,6
sah2,6,6,grout,4511,4511,3396,33,4478,198,4841,66,0,2
sah2,6,7,night_exterior,4511,4511,3418,62,4449,62,4511,124,0,1
sah2,6,8,upper_sky,4511,4511,3480,109,4370,141,4511,282,0,1
sah2,6,9,moon,4511,4511,3589,0,4511,0,4511,0,0,0
sah2,6,10,aged_brass,4511,4511,3589,107,3880,6304,15625,1414,0,9
sah2,6,11,gold_trim,4511,4511,3612,57,3899,4181,12035,789,0,8
sah2,6,12,wax,4511,4511,3624,17,4275,957,6309,112,0,5
sah2,6,13,wick,4511,4511,3630,1,4356,332,5173,2,0,3
sah2,6,14,flames,4511,4511,3631,4,4332,490,5459,29,0,4
sah2,6,15,bounce_fill,4511,4511,3632,185,4326,185,4511,370,0,1
sah2,7,0,stone,3468,3468,0,1481,196,50469,98138,5967,0,11
sah2,7,1,trim,3468,3468,1481,216,2081,8171,19042,735,0,4
sah2,7,2,mirror,3468,3468,1547,451,2663,15455,29180,4128,0,7
sah2,7,3,edges,3468,3468,1863,195,2684,11998,23854,3045,0,8
sah2,7,4,metal,3468,3468,1882,71,2975,3993,10658,715,0,9
sah2,7,5,floor,3468,3468,1918,769,2653,10854,23432,1744,0,6
sah2,7,6,grout,3468,3468,2619,33,3435,198,3798,66,0,2
sah2,7,7,night_exterior,3468,3468,2642,48,3420,48,3468,96,0,1
sah2,7,8,upper_sky,3468,3468,2690,86,3360,108,3468,216,0,1
sah2,7,9,moon,3468,3468,2776,0,3468,0,3468,0,0,0
sah2,7,10,aged_brass,3468,3468,2776,69,3026,4443,11310,996,0,9
sah2,7,11,gold_trim,3468,3468,2794,41,3042,3000,8844,584,0,6
sah2,7,12,wax,3468,3468,2810,16,3309,706,4778,99,0,6
sah2,7,13,wick,3468,3468,2817,0,3373,217,3898,4,0,1
sah2,7,14,flames,3468,3468,2817,4,3354,332,4104,24,0,5
sah2,7,15,bounce_fill,3468,3468,2818,111,3357,111,3468,222,0,1
sah4,0,0,stone,60000,60000,0,13689,0,655111,1294348,132722,0,9
sah4,0,1,trim,60000,60000,13689,892,33409,102094,260820,5270,0,4
sah4,0,2,mirror,60000,60000,13744,4028,52785,85459,207296,37271,0,7
sah4,0,3,edges,60000,60000,17772,937,53158,60088,167618,20089,0,8
sah4,0,4,metal,60000,60000,17987,826,54736,33039,121026,7921,0,11
sah4,0,5,floor,60000,60000,18453,27971,32029,334058,671120,113476,0,4
sah4,0,6,grout,60000,60000,46424,0,60000,0,60000,0,0,0
sah4,0,7,night_exterior,60000,60000,46424,13576,46424,13576,60000,27152,0,1
sah4,0,8,upper_sky,60000,60000,60000,0,60000,0,60000,0,0,0
sah4,0,9,moon,60000,60000,60000,70,59923,842,61088,894,0,4
sah4,0,10,aged_brass,60000,60000,60000,1507,43966,72538,193926,18988,0,9
sah4,0,11,gold_trim,60000,60000,60000,364,42328,53550,164814,3568,0,7
sah4,0,12,wax,60000,60000,60000,119,52013,18331,96206,775,0,5
sah4,0,13,wick,60000,60000,60000,1,53348,13156,86284,45,0,3
sah4,0,14,flames,60000,60000,60000,38,51907,17447,94662,394,0,5
sah4,0,15,bounce_fill,60000,60000,60000,0,60000,0,60000,0,0,0
sah4,1,0,stone,46649,46649,0,16827,269,590809,1146113,144500,0,12
sah4,1,1,trim,46649,46649,16827,1129,26314,92461,227085,7469,0,4
sah4,1,2,mirror,46649,46649,17152,1736,39275,91479,206191,36676,0,7
sah4,1,3,edges,46649,46649,18319,655,39804,67625,167323,23442,0,9
sah4,1,4,metal,46649,46649,18419,654,41090,41168,122105,10832,0,10
sah4,1,5,floor,46649,46649,18688,4122,42378,50974,139337,18060,0,6
sah4,1,6,grout,46649,46649,22771,86,46563,430,47337,344,0,2
sah4,1,7,night_exterior,46649,46649,22856,1186,45463,1186,46649,2372,0,1
sah4,1,8,upper_sky,46649,46649,24042,3978,42154,4495,46649,8990,0,1
sah4,1,9,moon,46649,46649,28020,0,46649,0,46649,0,0,0
sah4,1,10,aged_brass,46649,46649,28020,903,34783,71000,176049,21763,0,9
sah4,1,11,gold_trim,46649,46649,28164,394,34549,47202,137307,5824,0,7
sah4,1,12,wax,46649,46649,28243,141,41628,13036,71935,1345,0,6
sah4,1,13,wick,46649,46649,28280,1,42827,7292,61221,19,0,2
sah4,1,14,flames,46649,46649,28280,53,41886,10585,67511,526,0,5
sah4,1,15,bounce_fill,46649,46649,28294,6105,40544,6105,46649,12210,0,1
sah4,2,0,stone,23152,23152,0,7913,352,325033,629020,76849,0,12
sah4,2,1,trim,23152,23152,7913,698,12752,51244,122618,5051,0,5
sah4,2,2,mirror,23152,23152,8117,687,20545,36817,87666,14473,0,7
sah4,2,3,edges,23152,23152,8682,402,20691,28759,73664,11107,0,7
sah4,2,4,metal,23152,23152,8752,246,21333,19336,57960,6082,0,9
sah4,2,5,floor,23152,23152,8894,5437,17628,66015,143332,23186,0,5
sah4,2,6,grout,23152,23152,14230,159,22993,795,24424,636,0,2
sah4,2,7,night_exterior,23152,23152,14386,436,22716,436,23152,872,0,1
sah4,2,8,upper_sky,23152,23152,14822,757,22105,1047,23152,2094,0,1
sah4,2,9,moon,23152,23152,15579,0,23152,0,23152,0,0,0
sah4,2,10,aged_brass,23152,23152,15579,449,18457,34490,85358,11726,0,9
sah4,2,11,gold_trim,23152,23152,15660,244,18430,23847,67860,4673,0,7
sah4,2,12,wax,23152,23152,15722,62,21357,5918,34410,989,0,5
sah4,2,13,wick,23152,23152,15736,1,21853,2547,28242,5,0,4
sah4,2,14,flames,23152,23152,15736,20,21584,3688,30420,181,0,5
sah4,2,15,bounce_fill,23152,23152,15738,1329,21823,1329,23152,2658,0,1
sah4,3,0,stone,14552,14552,0,5740,474,195808,377304,50495,0,11
sah4,3,1,trim,14552,14552,5740,549,8622,30746,73826,3725,0,6
sah4,3,2,mirror,14552,14552,5910,1034,12536,29235,65246,12141,0,8
sah4,3,3,edges,14552,14552,6639,383,12648,22703,54294,8959,0,8
sah4,3,4,metal,14552,14552,6689,252,13183,12754,37554,3879,0,10
sah4,3,5,floor,14552,14552,6824,2240,12217,28244,65704,10214,0,6
sah4,3,6,grout,14552,14552,9002,68,14484,340,15096,272,0,2
sah4,3,7,night_exterior,14552,14552,9059,251,14301,251,14552,502,0,1
sah4,3,8,upper_sky,14552,14552,9310,655,13723,829,14552,1658,0,1
sah4,3,9,moon,14552,14552,9965,0,14552,0,14552,0,0,0
sah4,3,10,aged_brass,14552,14552,9965,300,11918,19504,49698,6697,0,8
sah4,3,11,gold_trim,14552,14552,10023,155,11930,13672,40042,2893,0,7
sah4,3,12,wax,14552,14552,10050,31,13630,2934,20142,469,0,6
sah4,3,13,wick,14552,14552,10058,3,13915,1278,17100,12,0,3
sah4,3,14,flames,14552,14552,10060,13,13777,1848,18186,106,0,4
sah4,3,15,bounce_fill,14552,14552,10064,927,13625,927,14552,1854,0,1
sah4,4,0,stone,9157,9157,0,3541,295,124915,240761,31648,0,10
sah4,4,1,trim,9157,9157,3541,403,5395,20131,47739,2818,0,5
sah4,4,2,mirror,9157,9157,3651,449,7619,22787,48805,9252,0,8
sah4,4,3,edges,9157,9157,3965,265,7683,18043,40867,7020,0,7
sah4,4,4,metal,9157,9157,4001,129,8179,8960,25221,2843,0,8
sah4,4,5,floor,9157,9157,4071,2277,6826,28110,59983,10314,0,7
sah4,4,6,grout,9157,9157,6254,56,9101,280,9605,224,0,2
sah4,4,7,night_exterior,9157,9157,6302,146,9011,146,9157,292,0,1
sah4,4,8,upper_sky,9157,9157,6448,343,8708,449,9157,898,0,1
sah4,4,9,moon,9157,9157,6791,0,9157,0,9157,0,0,0
sah4,4,10,aged_brass,9157,9157,6791,197,7641,11887,30577,4053,0,9
sah4,4,11,gold_trim,9157,9157,6826,97,7665,8157,24285,1843,0,6
sah4,4,12,wax,9157,9157,6859,26,8616,1761,12503,302,0,6
sah4,4,13,wick,9157,9157,6863,0,8780,767,10687,5,0,2
sah4,4,14,flames,9157,9157,6863,8,8718,1093,11297,77,0,4
sah4,4,15,bounce_fill,9157,9157,6864,459,8698,459,9157,918,0,1
sah4,5,0,stone,6379,6379,0,2669,268,87389,168023,22889,0,11
sah4,5,1,trim,6379,6379,2669,338,3785,14103,33343,2121,0,4
sah4,5,2,mirror,6379,6379,2768,625,5181,18459,38383,7604,0,8
sah4,5,3,edges,6379,6379,3205,240,5220,14771,32175,6054,0,8
sah4,5,4,metal,6379,6379,3233,123,5602,6586,18253,1980,0,9
sah4,5,5,floor,6379,6379,3306,1201,5129,15452,34105,5914,0,5
sah4,5,6,grout,6379,6379,4423,41,6338,205,6707,164,0,1
sah4,5,7,night_exterior,6379,6379,4454,116,6263,116,6379,232,0,1
sah4,5,8,upper_sky,6379,6379,4570,223,6093,286,6379,572,0,1
sah4,5,9,moon,6379,6379,4793,0,6379,0,6379,0,0,0
sah4,5,10,aged_brass,6379,6379,4793,126,5429,8440,21421,3213,0,9
sah4,5,11,gold_trim,6379,6379,4820,73,5463,5339,16175,1348,0,8
sah4,5,12,wax,6379,6379,4837,22,6065,1147,8541,227,0,4
sah4,5,13,wick,6379,6379,4843,1,6158,454,7285,4,0,2
sah4,5,14,flames,6379,6379,4843,4,6117,632,7621,38,0,4
sah4,5,15,bounce_fill,6379,6379,4844,302,6077,302,6379,604,0,1
sah4,6,0,stone,4511,4511,0,1942,237,63000,120861,16750,0,12
sah4,6,1,trim,4511,4511,1942,269,2633,10582,24659,1739,0,5
sah4,6,2,mirror,4511,4511,2010,339,3550,15124,30755,6143,0,8
sah4,6,3,edges,4511,4511,2232,197,3569,12260,25939,4930,0,8
sah4,6,4,metal,4511,4511,2259,76,3916,4595,12757,1458,0,9
sah4,6,5,floor,4511,4511,2303,1199,3264,15170,31713,5856,0,6
sah4,6,6,grout,4511,4511,3396,33,4478,165,4775,132,0,2
sah4,6,7,night_exterior,4511,4511,3418,62,4449,62,4511,124,0,1
sah4,6,8,upper_sky,4511,4511,3480,109,4370,141,4511,282,0,1
sah4,6,9,moon,4511,4511,3589,0,4511,0,4511,0,0,0
sah4,6,10,aged_brass,4511,4511,3589,107,3880,5630,14593,2070,0,8
sah4,6,11,gold_trim,4511,4511,3612,57,3899,3881,11579,1084,0,7
sah4,6,12,wax,4511,4511,3624,17,4275,908,6223,178,0,4
sah4,6,13,wick,4511,4511,3630,1,4356,332,5173,2,0,3
sah4,6,14,flames,4511,4511,3631,4,4332,475,5439,39,0,3
sah4,6,15,bounce_fill,4511,4511,3632,185,4326,185,4511,370,0,1
sah4,7,0,stone,3468,3468,0,1481,196,47756,91572,12826,0,11
sah4,7,1,trim,3468,3468,1481,216,2081,7849,18400,1299,0,4
sah4,7,2,mirror,3468,3468,1547,451,2663,13064,25980,5546,0,7
sah4,7,3,edges,3468,3468,1863,195,2684,10367,21550,4216,0,8
sah4,7,4,metal,3468,3468,1882,71,2975,3668,10090,1118,0,9
sah4,7,5,floor,3468,3468,1918,769,2653,10168,21590,4056,0,6
sah4,7,6,grout,3468,3468,2619,33,3435,165,3732,132,0,1
sah4,7,7,night_exterior,3468,3468,2642,48,3420,48,3468,96,0,1
sah4,7,8,upper_sky,3468,3468,2690,86,3360,108,3468,216,0,1
sah4,7,9,moon,3468,3468,2776,0,3468,0,3468,0,0,0
sah4,7,10,aged_brass,3468,3468,2776,69,3026,3987,10620,1429,0,8
sah4,7,11,gold_trim,3468,3468,2794,41,3042,2770,8508,782,0,5
sah4,7,12,wax,3468,3468,2810,16,3309,667,4706,161,0,6
sah4,7,13,wick,3468,3468,2817,0,3373,216,3896,6,0,1
sah4,7,14,flames,3468,3468,2817,4,3354,320,4090,28,0,4
sah4,7,15,bounce_fill,3468,3468,2818,111,3357,111,3468,222,0,1
sah8,0,0,stone,60000,60000,0,13689,0,635391,1252574,194629,0,8
sah8,0,1,trim,60000,60000,13689,892,33409,99916,257744,7186,0,3
sah8,0,2,mirror,60000,60000,13744,4028,52785,73820,187420,63352,0,6
sah8,0,3,edges,60000,60000,17772,937,53158,53259,156778,32091,0,7
sah8,0,4,metal,60000,60000,17987,826,54736,30774,116804,13935,0,10
sah8,0,5,floor,60000,60000,18453,27971,32029,277948,559232,225032,0,4
sah8,0,6,grout,60000,60000,46424,0,60000,0,60000,0,0,0
sah8,0,7,night_exterior,60000,60000,46424,13576,46424,13576,60000,27152,0,1
sah8,0,8,upper_sky,60000,60000,60000,0,60000,0,60000,0,0,0
sah8,0,9,moon,60000,60000,60000,70,59923,544,60726,1086,0,3
sah8,0,10,aged_brass,60000,60000,60000,1507,43966,67403,186206,27669,0,9
sah8,0,11,gold_trim,60000,60000,60000,364,42328,52464,163030,5675,0,6
sah8,0,12,wax,60000,60000,60000,119,52013,18119,95790,1384,0,5
sah8,0,13,wick,60000,60000,60000,1,53348,13147,86272,52,0,3
sah8,0,14,flames,60000,60000,60000,38,51907,17332,94482,608,0,4
sah8,0,15,bounce_fill,60000,60000,60000,0,60000,0,60000,0,0,0
sah8,1,0,stone,46649,46649,0,16827,269,552144,1068275,245243,0,11
sah8,1,1,trim,46649,46649,16827,1129,26314,89585,222393,11443,0,4
sah8,1,2,mirror,46649,46649,17152,1736,39275,79803,185799,64880,0,7
sah8,1,3,edges,46649,46649,18319,655,39804,59485,154213,38368,0,8
sah8,1,4,metal,46649,46649,18419,654,41090,38008,116133,19484,0,9
sah8,1,5,floor,46649,46649,18688,4122,42378,42516,122849,34120,0,5
sah8,1,6,grout,46649,46649,22771,86,46563,258,46993,688,0,2
sah8,1,7,night_exterior,46649,46649,22856,1186,45463,1186,46649,2372,0,1
sah8,1,8,upper_sky,46649,46649,24042,3978,42154,4495,46649,8990,0,1
sah8,1,9,moon,46649,46649,28020,0,46649,0,46649,0,0,0
sah8,1,10,aged_brass,46649,46649,28020,903,34783,65338,166879,33741,0,8
sah8,1,11,gold_trim,46649,46649,28164,394,34549,45413,134311,9469,0,6
sah8,1,12,wax,46649,46649,28243,141,41628,12678,71285,2217,0,6
sah8,1,13,wick,46649,46649,28280,1,42827,7287,61211,30,0,2
sah8,1,14,flames,46649,46649,28280,53,41886,10435,67263,855,0,5
sah8,1,15,bounce_fill,46649,46649,28294,6105,40544,6105,46649,12210,0,1
sah8,2,0,stone,23152,23152,0,7913,352,306049,589896,131176,0,11
sah8,2,1,trim,23152,23152,7913,698,12752,49377,119530,7787,0,5
sah8,2,2,mirror,23152,23152,8117,687,20545,32308,79478,26267,0,6
sah8,2,3,edges,23152,23152,8682,402,20691,24783,67418,18095,0,7
sah8,2,4,metal,23152,23152,8752,246,21333,17529,54632,10735,0,9
sah8,2,5,floor,23152,23152,8894,5437,17628,54968,121584,44588,0,4
sah8,2,6,grout,23152,23152,14230,159,22993,477,23788,1272,0,1
sah8,2,7,night_exterior,23152,23152,14386,436,22716,436,23152,872,0,1
sah8,2,8,upper_sky,23152,23152,14822,757,22105,1047,23152,2094,0,1
sah8,2,9,moon,23152,23152,15579,0,23152,0,23152,0,0,0
sah8,2,10,aged_brass,23152,23152,15579,449,18457,31417,80392,18149,0,7
sah8,2,11,gold_trim,23152,23152,15660,244,18430,22395,65492,7451,0,6
sah8,2,12,wax,23152,23152,15722,62,21357,5665,33950,1623,0,5
sah8,2,13,wick,23152,23152,15736,1,21853,2545,28240,5,0,3
sah8,2,14,flames,23152,23152,15736,20,21584,3635,30334,289,0,4
sah8,2,15,bounce_fill,23152,23152,15738,1329,21823,1329,23152,2658,0,1
sah8,3,0,stone,14552,14552,0,5740,474,182812,350460,87292,0,10
sah8,3,1,trim,14552,14552,5740,549,8622,29383,71580,5685,0,4
sah8,3,2,mirror,14552,14552,5910,1034,12536,25403,58464,21647,0,8
sah8,3,3,edges,14552,14552,6639,383,12648,19558,49330,14482,0,7
sah8,3,4,metal,14552,14552,6689,252,13183,11622,35468,6808,0,9
sah8,3,5,floor,14552,14552,6824,2240,12217,23563,56744,18772,0,5
sah8,3,6,grout,14552,14552,9002,68,14484,204,14824,544,0,1
sah8,3,7,night_exterior,14552,14552,9059,251,14301,251,14552,502,0,1
sah8,3,8,upper_sky,14552,14552,9310,655,13723,829,14552,1658,0,1
sah8,3,9,moon,14552,14552,9965,0,14552,0,14552,0,0,0
sah8,3,10,aged_brass,14552,14552,9965,300,11918,17761,46906,10319,0,8
sah8,3,11,gold_trim,14552,14552,10023,155,11930,12768,38610,4446,0,6
sah8,3,12,wax,14552,14552,10050,31,13630,2814,19916,810,0,6
sah8,3,13,wick,14552,14552,10058,3,13915,1276,17092,30,0,3
sah8,3,14,flames,14552,14552,10060,13,13777,1817,18128,195,0,3
sah8,3,15,bounce_fill,14552,14552,10064,927,13625,927,14552,1854,0,1
sah8,4,0,stone,9157,9157,0,3541,295,117176,224679,54315,0,10
sah8,4,1,trim,9157,9157,3541,403,5395,19126,46089,4276,0,4
sah8,4,2,mirror,9157,9157,3651,449,7619,19901,43587,16722,0,8
sah8,4,3,edges,9157,9157,3965,265,7683,15637,36957,11650,0,7
sah8,4,4,metal,9157,9157,4001,129,8179,8129,23687,5014,0,8
sah8,4,5,floor,9157,9157,4071,2277,6826,23395,50871,19108,0,6
sah8,4,6,grout,9157,9157,6254,56,9101,168,9381,448,0,1
sah8,4,7,night_exterior,9157,9157,6302,146,9011,146,9157,292,0,1
sah8,4,8,upper_sky,9157,9157,6448,343,8708,449,9157,898,0,1
sah8,4,9,moon,9157,9157,6791,0,9157,0,9157,0,0,0
sah8,4,10,aged_brass,9157,9157,6791,197,7641,10817,28757,6617,0,8
sah8,4,11,gold_trim,9157,9157,6826,97,7665,7578,23371,2850,0,5
sah8,4,12,wax,9157,9157,6859,26,8616,1682,12369,467,0,5
sah8,4,13,wick,9157,9157,6863,0,8780,765,10685,5,0,1
sah8,4,14,flames,9157,9157,6863,8,8718,1071,11263,116,0,3
sah8,4,15,bounce_fill,9157,9157,6864,459,8698,459,9157,918,0,1
sah8,5,0,stone,6379,6379,0,2669,268,81764,156257,39437,0,11
sah8,5,1,trim,6379,6379,2669,338,3785,13346,32061,3287,0,4
sah8,5,2,mirror,6379,6379,2768,625,5181,16073,34163,13480,0,8
sah8,5,3,edges,6379,6379,3205,240,5220,12710,28851,9839,0,7
sah8,5,4,metal,6379,6379,3233,123,5602,6008,17175,3562,0,9
sah8,5,5,floor,6379,6379,3306,1201,5129,12860,29301,10338,0,4
sah8,5,6,grout,6379,6379,4423,41,6338,123,6543,328,0,1
sah8,5,7,night_exterior,6379,6379,4454,116,6263,116,6379,232,0,1
sah8,5,8,upper_sky,6379,6379,4570,223,6093,286,6379,572,0,1
sah8,5,9,moon,6379,6379,4793,0,6379,0,6379,0,0,0
sah8,5,10,aged_brass,6379,6379,4793,126,5429,7600,20043,5066,0,8
sah8,5,11,gold_trim,6379,6379,4820,73,5463,4902,15501,2068,0,7
sah8,5,12,wax,6379,6379,4837,22,6065,1087,8433,354,0,4
sah8,5,13,wick,6379,6379,4843,1,6158,453,7283,6,0,2
sah8,5,14,flames,6379,6379,4843,4,6117,621,7605,58,0,3
sah8,5,15,bounce_fill,6379,6379,4844,302,6077,302,6379,604,0,1
sah8,6,0,stone,4511,4511,0,1942,237,58897,112391,28523,0,11
sah8,6,1,trim,4511,4511,1942,269,2633,9947,23603,2644,0,4
sah8,6,2,mirror,4511,4511,2010,339,3550,13174,27357,10711,0,8
sah8,6,3,edges,4511,4511,2232,197,3569,10554,23215,7962,0,8
sah8,6,4,metal,4511,4511,2259,76,3916,4161,11971,2542,0,9
sah8,6,5,floor,4511,4511,2303,1199,3264,12635,26917,10378,0,5
sah8,6,6,grout,4511,4511,3396,33,4478,99,4643,264,0,1
sah8,6,7,night_exterior,4511,4511,3418,62,4449,62,4511,124,0,1
sah8,6,8,upper_sky,4511,4511,3480,109,4370,141,4511,282,0,1
sah8,6,9,moon,4511,4511,3589,0,4511,0,4511,0,0,0
sah8,6,10,aged_brass,4511,4511,3589,107,3880,5094,13687,3338,0,7
sah8,6,11,gold_trim,4511,4511,3612,57,3899,3541,11053,1649,0,7
sah8,6,12,wax,4511,4511,3624,17,4275,858,6127,314,0,4
sah8,6,13,wick,4511,4511,3630,1,4356,331,5171,6,0,2
sah8,6,14,flames,4511,4511,3631,4,4332,464,5425,48,0,3
sah8,6,15,bounce_fill,4511,4511,3632,185,4326,185,4511,370,0,1
sah8,7,0,stone,3468,3468,0,1481,196,44619,84942,22315,0,10
sah8,7,1,trim,3468,3468,1481,216,2081,7393,17644,1963,0,3
sah8,7,2,mirror,3468,3468,1547,451,2663,11284,22870,9764,0,6
sah8,7,3,edges,3468,3468,1863,195,2684,8889,19164,6924,0,7
sah8,7,4,metal,3468,3468,1882,71,2975,3349,9484,2006,0,9
sah8,7,5,floor,3468,3468,1918,769,2653,8471,18514,6814,0,5
sah8,7,6,grout,3468,3468,2619,33,3435,99,3600,264,0,1
sah8,7,7,night_exterior,3468,3468,2642,48,3420,48,3468,96,0,1
sah8,7,8,upper_sky,3468,3468,2690,86,3360,108,3468,216,0,1
sah8,7,9,moon,3468,3468,2776,0,3468,0,3468,0,0,0
sah8,7,10,aged_brass,3468,3468,2776,69,3026,3604,9964,2372,0,8
sah8,7,11,gold_trim,3468,3468,2794,41,3042,2526,8118,1204,0,5
sah8,7,12,wax,3468,3468,2810,16,3309,622,4628,262,0,5
sah8,7,13,wick,3468,3468,2817,0,3373,215,3894,10,0,1
sah8,7,14,flames,3468,3468,2817,4,3354,311,4072,61,0,4
sah8,7,15,bounce_fill,3468,3468,2818,111,3357,111,3468,222,0,1
