run,kind,process_wall_seconds,intersection_ms_per_spp,cpu_build_ms,allocation_upload_ms,scene
simple_r0_brute_app,application,0.868359700019937,,,,scenes/bench_simple_brute.json
simple_r0_brute_timing,cuda_events,0.36102130002109334,1.5638155033811927,0.0107,0.0222,scenes/bench_simple_brute.json
simple_r0_aabb_app,application,0.9151054000249133,,,,scenes/bench_simple_aabb.json
simple_r0_aabb_timing,cuda_events,0.3066312000155449,1.2725119987735525,0.0111,0.0212,scenes/bench_simple_aabb.json
simple_r0_bvh_app,application,0.8841543999733403,,,,scenes/bench_simple_bvh.json
simple_r0_bvh_timing,cuda_events,0.3491649000206962,1.70351199968718,0.0123,0.0171,scenes/bench_simple_bvh.json
simple_r1_brute_app,application,0.8596815000055358,,,,scenes/bench_simple_brute.json
simple_r1_brute_timing,cuda_events,0.3278543999767862,1.5560125001939014,0.0119,0.0214,scenes/bench_simple_brute.json
simple_r1_bvh_app,application,0.8926909000147134,,,,scenes/bench_simple_bvh.json
simple_r1_bvh_timing,cuda_events,0.33403319999342784,1.7229190012440085,0.009999999999999998,0.0224,scenes/bench_simple_bvh.json
simple_r1_aabb_app,application,0.9221690999693237,,,,scenes/bench_simple_aabb.json
simple_r1_aabb_timing,cuda_events,0.29243699996732175,1.2527489989297464,0.015799999999999998,0.0377,scenes/bench_simple_aabb.json
simple_r2_aabb_app,application,0.8685251999995671,,,,scenes/bench_simple_aabb.json
simple_r2_aabb_timing,cuda_events,0.3126650999765843,1.2544254981912673,0.0115,0.022,scenes/bench_simple_aabb.json
simple_r2_brute_app,application,0.9539921000250615,,,,scenes/bench_simple_brute.json
simple_r2_brute_timing,cuda_events,0.35065819998271763,1.5958809996955097,0.0114,0.021,scenes/bench_simple_brute.json
simple_r2_bvh_app,application,0.9444107000017539,,,,scenes/bench_simple_bvh.json
simple_r2_bvh_timing,cuda_events,0.3458256999729201,1.6939519986044616,0.0112,0.0199,scenes/bench_simple_bvh.json
simple_r3_aabb_app,application,0.8901124999974854,,,,scenes/bench_simple_aabb.json
simple_r3_aabb_timing,cuda_events,0.31561609997879714,1.2900339965708554,0.0112,0.0302,scenes/bench_simple_aabb.json
simple_r3_bvh_app,application,0.9153619999997318,,,,scenes/bench_simple_bvh.json
simple_r3_bvh_timing,cuda_events,0.35334099997999147,1.746185996569693,0.012799999999999999,0.0187,scenes/bench_simple_bvh.json
simple_r3_brute_app,application,0.9188202999648638,,,,scenes/bench_simple_brute.json
simple_r3_brute_timing,cuda_events,0.34388689999468625,1.603289000224322,0.0126,0.0206,scenes/bench_simple_brute.json
simple_r4_bvh_app,application,0.9968773999717087,,,,scenes/bench_simple_bvh.json
simple_r4_bvh_timing,cuda_events,0.3788794999709353,1.7912269968073815,0.0102,0.033,scenes/bench_simple_bvh.json
simple_r4_brute_app,application,0.9039976999629289,,,,scenes/bench_simple_brute.json
simple_r4_brute_timing,cuda_events,0.35027689998969436,1.5941865005297586,0.0101,0.032,scenes/bench_simple_brute.json
simple_r4_aabb_app,application,0.9123907000175677,,,,scenes/bench_simple_aabb.json
simple_r4_aabb_timing,cuda_events,0.3233371999813244,1.2872039981884882,0.012,0.0401,scenes/bench_simple_aabb.json
simple_r5_bvh_app,application,0.9500479999696836,,,,scenes/bench_simple_bvh.json
simple_r5_bvh_timing,cuda_events,0.33929759997408837,1.7233064989559352,0.0107,0.02,scenes/bench_simple_bvh.json
simple_r5_aabb_app,application,0.917283899965696,,,,scenes/bench_simple_aabb.json
simple_r5_aabb_timing,cuda_events,0.3060128999641165,1.2791005009785295,0.015000000000000001,0.0198,scenes/bench_simple_aabb.json
simple_r5_brute_app,application,0.951039299950935,,,,scenes/bench_simple_brute.json
simple_r5_brute_timing,cuda_events,0.32522669999161735,1.6042610007571056,0.011000000000000001,0.02,scenes/bench_simple_brute.json
torus_exterior_r0_brute_app,application,5.5285665999981575,,,,scenes/bench_torus_exterior_brute.json
torus_exterior_r0_brute_timing,cuda_events,5.491503700031899,71.0864640623331,0.7781,0.0542,scenes/bench_torus_exterior_brute.json
torus_exterior_r0_aabb_app,application,4.3344622000004165,,,,scenes/bench_torus_exterior_aabb.json
torus_exterior_r0_aabb_timing,cuda_events,4.259034999995492,54.75113940611482,0.8510000000000001,0.053,scenes/bench_torus_exterior_aabb.json
torus_exterior_r0_bvh_app,application,0.9040599999716505,,,,scenes/bench_torus_exterior_bvh.json
torus_exterior_r0_bvh_timing,cuda_events,0.40944640000816435,2.151121998205781,1.0532,0.0529,scenes/bench_torus_exterior_bvh.json
torus_exterior_r1_brute_app,application,6.2897079000249505,,,,scenes/bench_torus_exterior_brute.json
torus_exterior_r1_brute_timing,cuda_events,5.470717299962416,71.167296461761,0.9793,0.054,scenes/bench_torus_exterior_brute.json
torus_exterior_r1_bvh_app,application,0.9123365000123158,,,,scenes/bench_torus_exterior_bvh.json
torus_exterior_r1_bvh_timing,cuda_events,0.4296258999966085,2.107429497409612,1.0093999999999999,0.0547,scenes/bench_torus_exterior_bvh.json
torus_exterior_r1_aabb_app,application,4.264854300010484,,,,scenes/bench_torus_exterior_aabb.json
torus_exterior_r1_aabb_timing,cuda_events,4.254300200031139,54.5052349306643,0.8425999999999999,0.053,scenes/bench_torus_exterior_aabb.json
torus_exterior_r2_aabb_app,application,4.358499699970707,,,,scenes/bench_torus_exterior_aabb.json
torus_exterior_r2_aabb_timing,cuda_events,4.459715300006792,57.5659174695611,0.8142,0.0541,scenes/bench_torus_exterior_aabb.json
torus_exterior_r2_brute_app,application,6.458434899977874,,,,scenes/bench_torus_exterior_brute.json
torus_exterior_r2_brute_timing,cuda_events,5.836323299969081,76.5004663914442,0.963,0.0827,scenes/bench_torus_exterior_brute.json
torus_exterior_r2_bvh_app,application,0.9799593999632634,,,,scenes/bench_torus_exterior_bvh.json
torus_exterior_r2_bvh_timing,cuda_events,0.40707430004840717,2.1633809986524284,0.9714,0.0759,scenes/bench_torus_exterior_bvh.json
torus_exterior_r3_aabb_app,application,4.411087000044063,,,,scenes/bench_torus_exterior_aabb.json
torus_exterior_r3_aabb_timing,cuda_events,4.359003100020345,56.4551239348948,0.7861,0.0539,scenes/bench_torus_exterior_aabb.json
torus_exterior_r3_bvh_app,application,0.991533900029026,,,,scenes/bench_torus_exterior_bvh.json
torus_exterior_r3_bvh_timing,cuda_events,0.38505859998986125,2.114215995417908,1.0139,0.0535,scenes/bench_torus_exterior_bvh.json
torus_exterior_r3_brute_app,application,5.675325300020631,,,,scenes/bench_torus_exterior_brute.json
torus_exterior_r3_brute_timing,cuda_events,5.824178699986078,76.57289651036263,0.7793,0.0527,scenes/bench_torus_exterior_brute.json
torus_exterior_r4_bvh_app,application,0.9647605000063777,,,,scenes/bench_torus_exterior_bvh.json
torus_exterior_r4_bvh_timing,cuda_events,0.4099782999837771,2.13804849749431,1.0259,0.1006,scenes/bench_torus_exterior_bvh.json
torus_exterior_r4_brute_app,application,5.619676199974492,,,,scenes/bench_torus_exterior_brute.json
torus_exterior_r4_brute_timing,cuda_events,6.600808800023515,88.62584654986858,1.1409,0.054,scenes/bench_torus_exterior_brute.json
torus_exterior_r4_aabb_app,application,4.6293703999836,,,,scenes/bench_torus_exterior_aabb.json
torus_exterior_r4_aabb_timing,cuda_events,4.363847599946894,56.6283564530313,0.7807999999999999,0.0536,scenes/bench_torus_exterior_aabb.json
torus_exterior_r5_bvh_app,application,0.9104563999571837,,,,scenes/bench_torus_exterior_bvh.json
torus_exterior_r5_bvh_timing,cuda_events,0.39197739999508485,2.1423134997021407,0.8256,0.0532,scenes/bench_torus_exterior_bvh.json
torus_exterior_r5_aabb_app,application,4.406933199963532,,,,scenes/bench_torus_exterior_aabb.json
torus_exterior_r5_aabb_timing,cuda_events,4.403402099967934,56.91461102664471,1.2924,0.0532,scenes/bench_torus_exterior_aabb.json
torus_exterior_r5_brute_app,application,5.657510599994566,,,,scenes/bench_torus_exterior_brute.json
torus_exterior_r5_brute_timing,cuda_events,5.826169000007212,76.65699035674334,0.887,0.0529,scenes/bench_torus_exterior_brute.json
torus_interior_r0_brute_app,application,5.833287800021935,,,,scenes/bench_torus_interior_brute.json
torus_interior_r0_brute_timing,cuda_events,5.985245399991982,78.66356498003006,1.0895000000000001,0.0535,scenes/bench_torus_interior_brute.json
torus_interior_r0_aabb_app,application,5.330322900030296,,,,scenes/bench_torus_interior_aabb.json
torus_interior_r0_aabb_timing,cuda_events,5.482453000033274,71.89161365479231,0.8151,0.0649,scenes/bench_torus_interior_aabb.json
torus_interior_r0_bvh_app,application,0.9122317000292242,,,,scenes/bench_torus_interior_bvh.json
torus_interior_r0_bvh_timing,cuda_events,0.40483339998172596,2.293564497726038,0.8553,0.0571,scenes/bench_torus_interior_bvh.json
torus_interior_r1_brute_app,application,5.8542444000486284,,,,scenes/bench_torus_interior_brute.json
torus_interior_r1_brute_timing,cuda_events,6.22520300000906,82.47360995411873,1.0945,0.0562,scenes/bench_torus_interior_brute.json
torus_interior_r1_bvh_app,application,0.931519899982959,,,,scenes/bench_torus_interior_bvh.json
torus_interior_r1_bvh_timing,cuda_events,0.4146852000267245,2.294001998612657,0.9454,0.0906,scenes/bench_torus_interior_bvh.json
torus_interior_r1_aabb_app,application,5.401498999970499,,,,scenes/bench_torus_interior_aabb.json
torus_interior_r1_aabb_timing,cuda_events,5.539074899978004,72.55860298126936,0.8164,0.0527,scenes/bench_torus_interior_aabb.json
torus_interior_r2_aabb_app,application,5.3991118999547325,,,,scenes/bench_torus_interior_aabb.json
torus_interior_r2_aabb_timing,cuda_events,5.530345799983479,72.3850696310401,0.8344,0.055,scenes/bench_torus_interior_aabb.json
torus_interior_r2_brute_app,application,5.858025600027759,,,,scenes/bench_torus_interior_brute.json
torus_interior_r2_brute_timing,cuda_events,6.068809300020803,79.76215349137783,0.8535,0.305,scenes/bench_torus_interior_brute.json
torus_interior_r2_bvh_app,application,0.9621087000123225,,,,scenes/bench_torus_interior_bvh.json
torus_interior_r2_bvh_timing,cuda_events,0.4318560999818146,2.3104249972384423,0.8597,0.0573,scenes/bench_torus_interior_bvh.json
torus_interior_r3_aabb_app,application,5.460168400022667,,,,scenes/bench_torus_interior_aabb.json
torus_interior_r3_aabb_timing,cuda_events,5.564078000024892,72.82502559572458,0.7793,0.0552,scenes/bench_torus_interior_aabb.json
torus_interior_r3_bvh_app,application,0.972326899995096,,,,scenes/bench_torus_interior_bvh.json
torus_interior_r3_bvh_timing,cuda_events,0.4588231999659911,2.2909529958851635,0.9596,0.0856,scenes/bench_torus_interior_bvh.json
torus_interior_r3_brute_app,application,5.86623949999921,,,,scenes/bench_torus_interior_brute.json
torus_interior_r3_brute_timing,cuda_events,6.162759100028779,80.16564409434795,0.7676999999999999,0.0956,scenes/bench_torus_interior_brute.json
torus_interior_r4_bvh_app,application,0.9423993999953382,,,,scenes/bench_torus_interior_bvh.json
torus_interior_r4_bvh_timing,cuda_events,0.4225029000081122,2.3034730004146695,0.8334999999999999,0.0596,scenes/bench_torus_interior_bvh.json
torus_interior_r4_brute_app,application,6.00709889997961,,,,scenes/bench_torus_interior_brute.json
torus_interior_r4_brute_timing,cuda_events,6.037949100020342,79.36631897091866,0.8664,0.0833,scenes/bench_torus_interior_brute.json
torus_interior_r4_aabb_app,application,5.53023650002433,,,,scenes/bench_torus_interior_aabb.json
torus_interior_r4_aabb_timing,cuda_events,5.526943199976813,72.02672140300274,0.855,0.0559,scenes/bench_torus_interior_aabb.json
torus_interior_r5_bvh_app,application,0.9799730000086129,,,,scenes/bench_torus_interior_bvh.json
torus_interior_r5_bvh_timing,cuda_events,0.43661259999498725,2.2910770033486187,0.7948999999999999,0.059,scenes/bench_torus_interior_bvh.json
torus_interior_r5_aabb_app,application,5.448451399977785,,,,scenes/bench_torus_interior_aabb.json
torus_interior_r5_aabb_timing,cuda_events,5.511945299978834,72.02947759628296,0.8498,0.0543,scenes/bench_torus_interior_aabb.json
torus_interior_r5_brute_app,application,5.801786600030027,,,,scenes/bench_torus_interior_brute.json
torus_interior_r5_brute_timing,cuda_events,6.007975200016517,78.89023743569851,0.9763,0.0571,scenes/bench_torus_interior_brute.json
