capture,experiment,round,position,binary,leaf_cap,layout,node_bytes,nodes,node_and_index_bytes,render_loop_ms,build_ms,initialization_ms,whole_process_seconds,gpu_before,gpu_after,png_hdr_f32_identical
leaf_r1_n1,leaf,1,,previous,1,wide,40,172694,7253180,5758.4579,108.75469999999999,20.2715,7.82927390000259,"52, 210, 405, 3.71, 6","63, 2580, 8001, 54.19, 99",True
leaf_r1_n2,leaf,1,,previous,2,wide,40,96582,4208700,5880.3273,75.23060000000002,18.1867,7.794122700001026,"63, 2580, 8001, 54.19, 99","62, 2580, 8001, 49.60, 57",True
leaf_r1_n4,leaf,1,,previous,4,wide,40,55238,2554940,7718.625,54.44110000000001,16.7371,9.865138700002717,"62, 2580, 8001, 49.60, 57","63, 2580, 8001, 50.30, 41",True
leaf_r1_n8,leaf,1,,previous,8,wide,40,30012,1545900,10869.8985,39.0607,15.3259,13.339002300002903,"63, 2580, 8001, 50.30, 41","64, 2580, 8001, 47.36, 7",True
leaf_r2_n2,leaf,2,,previous,2,wide,40,96582,4208700,5885.7651,72.50119999999998,17.5885,7.790134200000466,"64, 2580, 8001, 47.36, 7","69, 2580, 8001, 54.96, 99",True
leaf_r2_n4,leaf,2,,previous,4,wide,40,55238,2554940,7719.1927,57.53420000000001,16.0781,9.850802799999656,"64, 2580, 8001, 49.29, 1","69, 2580, 8001, 52.72, 99",True
leaf_r2_n8,leaf,2,,previous,8,wide,40,30012,1545900,10855.1488,39.050999999999995,16.4166,13.338542299999972,"65, 2580, 8001, 45.75, 1","69, 2580, 8001, 50.15, 100",True
leaf_r2_n1,leaf,2,,previous,1,wide,40,172694,7253180,5791.2898,106.85610000000001,20.4055,7.726969499999541,"69, 2580, 8001, 50.15, 100","69, 2580, 8001, 53.99, 22",True
leaf_r3_n4,leaf,3,,previous,4,wide,40,55238,2554940,7721.9114,55.3727,16.3994,9.852570999999443,"69, 2580, 8001, 53.99, 22","67, 2580, 8001, 50.17, 1",True
leaf_r3_n8,leaf,3,,previous,8,wide,40,30012,1545900,10906.5707,38.76199999999999,15.6081,13.396115499999723,"67, 2580, 8001, 50.17, 1","67, 2580, 8001, 47.65, 2",True
leaf_r3_n1,leaf,3,,previous,1,wide,40,172694,7253180,5764.2049,111.3075,20.8912,7.718221399998583,"67, 2580, 8001, 47.65, 2","71, 2580, 8001, 56.46, 99",True
leaf_r3_n2,leaf,3,,previous,2,wide,40,96582,4208700,5869.8071,74.8656,17.4884,7.778982200001337,"66, 2580, 8001, 48.45, 2","71, 2580, 8001, 55.88, 99",True
leaf_r4_n8,leaf,4,,previous,8,wide,40,30012,1545900,10864.6996,39.3446,14.7249,13.345625899997685,"71, 2580, 8001, 55.88, 99","70, 2580, 8001, 50.25, 100",True
leaf_r4_n1,leaf,4,,previous,1,wide,40,172694,7253180,5794.1472,108.45889999999999,20.9175,7.748292799999035,"70, 2580, 8001, 50.25, 100","69, 2580, 8001, 53.55, 1",True
leaf_r4_n2,leaf,4,,previous,2,wide,40,96582,4208700,5900.6604,75.23010000000001,18.226,7.81012400000327,"69, 2580, 8001, 53.55, 1","67, 2580, 8001, 51.27, 1",True
leaf_r4_n4,leaf,4,,previous,4,wide,40,55238,2554940,7737.0802,52.769800000000004,16.8676,9.845428299999185,"67, 2580, 8001, 51.27, 1","66, 2580, 8001, 47.95, 1",True
layout_n1_wide,layout,,,candidate,1,wide,40,172694,7253180,5776.6387,108.01760000000002,20.4097,7.8540341000007174,"55, 210, 405, 4.01, 5","64, 2580, 8001, 53.92, 99",True
layout_n1_compact,layout,,,candidate,1,compact,32,172694,5871628,5579.4421,110.96110000000002,23.9454,7.498667599997134,"60, 2580, 8001, 46.51, 1","61, 2580, 8001, 49.78, 1",True
layout_n2_wide,layout,,,candidate,2,wide,40,96582,4208700,5886.1352,74.0092,17.389,7.797529899999063,"61, 2580, 8001, 49.78, 1","66, 2580, 8001, 53.94, 99",True
layout_n2_compact,layout,,,candidate,2,compact,32,96582,3436044,5719.0873,74.4153,20.1651,7.6083832000003895,"61, 2580, 8001, 46.36, 1","66, 2580, 8001, 52.68, 32",True
layout_n4_wide,layout,,,candidate,4,wide,40,55238,2554940,8402.1918,53.79149999999999,15.9019,10.595101399998384,"66, 2580, 8001, 52.68, 32","67, 2580, 8001, 50.95, 100",True
layout_n4_compact,layout,,,candidate,4,compact,32,55238,2113036,8321.2134,53.58520000000001,16.8915,10.509786599999643,"67, 2580, 8001, 50.95, 100","64, 2580, 8001, 45.99, 1",True
layout_n8_wide,layout,,,candidate,8,wide,40,30012,1545900,11224.1083,38.6337,15.1166,13.748598199999833,"64, 2580, 8001, 45.99, 1","68, 2580, 8001, 49.62, 99",True
layout_n8_compact,layout,,,candidate,8,compact,32,30012,1305804,11194.6213,40.20130000000001,15.9419,13.72168899999815,"68, 2580, 8001, 49.62, 99","66, 2580, 8001, 48.61, 49",True
bench_r1_previous,bench,1,1,previous,2,wide,40,96582,4208700,5857.1654,73.58109999999999,17.2553,7.808119799999986,"53, 210, 405, 3.67, 13","63, 2580, 8001, 53.28, 99",True
bench_r1_wide1,bench,1,2,candidate,1,wide,40,172694,7253180,5758.2801,109.31910000000002,20.0259,7.685142999998789,"63, 2580, 8001, 53.28, 99","61, 2580, 8001, 49.32, 2",True
bench_r1_wide2,bench,1,3,candidate,2,wide,40,96582,4208700,5858.8578,74.68340000000002,17.6536,7.764147900001262,"61, 2580, 8001, 49.32, 2","66, 2580, 8001, 54.17, 99",True
bench_r1_compact1,bench,1,4,candidate,1,compact,32,172694,5871628,5717.0756,109.41,26.2013,7.643928700003016,"62, 2580, 8001, 45.61, 2","66, 2580, 8001, 42.10, 16",True
bench_r1_compact2,bench,1,5,candidate,2,compact,32,96582,3436044,5736.2771,75.5427,19.5752,7.727872399998887,"66, 2580, 8001, 42.10, 16","65, 2580, 8001, 25.81, 2",True
bench_r2_wide1,bench,2,1,candidate,1,wide,40,172694,7253180,5793.797,108.3295,21.5307,7.739246600001934,"65, 2580, 8001, 25.81, 2","70, 2580, 8001, 55.75, 99",True
bench_r2_wide2,bench,2,2,candidate,2,wide,40,96582,4208700,5887.38,76.04939999999999,19.109,7.809830000001966,"70, 2580, 8001, 55.75, 99","70, 2580, 8001, 55.35, 99",True
bench_r2_compact1,bench,2,3,candidate,1,compact,32,172694,5871628,5577.8134,108.70859999999999,25.0154,7.5124407000002975,"70, 2580, 8001, 55.35, 99","71, 2580, 8001, 56.83, 99",True
bench_r2_compact2,bench,2,4,candidate,2,compact,32,96582,3436044,5736.8566,73.97749999999999,19.5644,7.6456253999967885,"71, 2580, 8001, 56.83, 99","70, 2580, 8001, 53.86, 23",True
bench_r2_previous,bench,2,5,previous,2,wide,40,96582,4208700,5881.1036,76.0174,17.969,7.807773900000029,"70, 2580, 8001, 53.86, 23","67, 2580, 8001, 51.13, 3",True
bench_r3_wide2,bench,3,1,candidate,2,wide,40,96582,4208700,5872.572,76.95819999999999,18.0002,7.796416100001807,"67, 2580, 8001, 51.13, 3","71, 2580, 8001, 55.68, 99",True
bench_r3_compact1,bench,3,2,candidate,1,compact,32,172694,5871628,5556.3624,109.5033,25.0359,7.470615999998699,"66, 2580, 8001, 48.30, 2","66, 2580, 8001, 51.44, 2",True
bench_r3_compact2,bench,3,3,candidate,2,compact,32,96582,3436044,5720.6469,75.1873,19.3564,7.60631260000082,"66, 2580, 8001, 51.44, 2","70, 2580, 8001, 56.26, 99",True
bench_r3_previous,bench,3,4,previous,2,wide,40,96582,4208700,5929.8711,74.5934,17.2851,7.825890699998126,"70, 2580, 8001, 56.26, 99","68, 2580, 8001, 54.64, 56",True
bench_r3_wide1,bench,3,5,candidate,1,wide,40,172694,7253180,5774.39,107.54020000000001,20.5493,7.7025702000028105,"68, 2580, 8001, 54.64, 56","67, 2580, 8001, 50.42, 2",True
bench_r4_compact1,bench,4,1,candidate,1,compact,32,172694,5871628,5586.4283,108.95379999999999,24.5434,7.49402370000098,"67, 2580, 8001, 50.42, 2","67, 2580, 8001, 53.98, 1",True
bench_r4_compact2,bench,4,2,candidate,2,compact,32,96582,3436044,5744.9292,74.8361,19.1508,7.630748600000516,"67, 2580, 8001, 53.98, 1","72, 2580, 8001, 56.33, 99",True
bench_r4_previous,bench,4,3,previous,2,wide,40,96582,4208700,5890.4314,75.27899999999998,18.0069,7.7845997999975225,"72, 2580, 8001, 56.33, 99","71, 2580, 8001, 56.22, 99",True
bench_r4_wide1,bench,4,4,candidate,1,wide,40,172694,7253180,5801.0508,108.45379999999997,20.3598,7.740200600001117,"71, 2580, 8001, 56.22, 99","68, 2580, 8001, 53.05, 1",True
bench_r4_wide2,bench,4,5,candidate,2,wide,40,96582,4208700,5902.0007,73.98109999999997,26.6586,7.808886900002108,"68, 2580, 8001, 53.05, 1","73, 2580, 8001, 55.70, 99",True
bench_r5_compact2,bench,5,1,candidate,2,compact,32,96582,3436044,5750.8843,76.3389,20.2263,7.670015499999863,"68, 2580, 8001, 26.33, 2","73, 2580, 8001, 57.12, 99",True
bench_r5_previous,bench,5,2,previous,2,wide,40,96582,4208700,5907.3206,75.15299999999998,17.8889,7.852430899998581,"73, 2580, 8001, 57.12, 99","71, 2580, 8001, 56.31, 97",True
bench_r5_wide1,bench,5,3,candidate,1,wide,40,172694,7253180,5778.0721,110.3529,22.0232,7.724882899998192,"71, 2580, 8001, 56.31, 97","68, 2580, 8001, 52.49, 1",True
bench_r5_wide2,bench,5,4,candidate,2,wide,40,96582,4208700,6298.7944,74.4081,18.2395,8.227555699999357,"68, 2580, 8001, 52.49, 1","73, 2580, 8001, 57.33, 99",True
bench_r5_compact1,bench,5,5,candidate,1,compact,32,172694,5871628,5571.1793,111.4992,25.5593,7.508610500000941,"73, 2580, 8001, 57.33, 99","69, 2580, 8001, 52.41, 2",True
final_r1,final,1,,final,1,compact,32,172694,5871628,5559.7949,111.47860000000001,23.9711,7.566779900000256,"62, 2580, 8001, 29.22, 66","68, 2580, 8001, 55.99, 99",True
final_r2,final,2,,final,1,compact,32,172694,5871628,5564.0625,109.4315,23.6582,7.4795045999999274,"68, 2580, 8001, 55.99, 99","69, 2580, 8001, 56.20, 99",True
final_r3,final,3,,final,1,compact,32,172694,5871628,5562.7299,110.20540000000001,23.6616,7.490076400001271,"69, 2580, 8001, 56.20, 99","64, 2580, 8001, 48.88, 1",True
