leaf_cap,depth,sampled_rays,object_index,queries,bounded_queries,hits,root_rejects,node_visits,aabb_tests,triangle_tests,fallbacks,max_stack
1,0,60000,0,60000,0,13689,0,711097,1401414,40390,0,10
1,0,60000,1,60000,13689,892,33409,105990,265836,3072,0,5
1,0,60000,2,60000,13744,4028,52785,118409,249418,23700,0,9
1,0,60000,3,60000,17772,936,53158,78353,191132,12787,0,9
1,0,60000,4,60000,17987,826,54736,38681,129350,4006,0,12
1,0,60000,5,60000,18453,27971,32029,418349,783970,56364,0,5
1,0,60000,6,60000,46424,0,60000,0,60000,0,0,0
1,0,60000,7,60000,46424,13576,46424,40728,87152,27152,0,2
1,0,60000,8,60000,60000,0,60000,0,60000,0,0,0
1,0,60000,9,60000,60000,70,59923,1821,62174,734,0,6
1,0,60000,10,60000,60000,1507,43966,91139,216604,12837,0,12
1,0,60000,11,60000,60000,364,42328,56755,168718,2396,0,9
1,0,60000,12,60000,60000,119,52013,18942,97022,431,0,7
1,0,60000,13,60000,60000,1,53348,13194,86330,29,0,4
1,0,60000,14,60000,60000,38,51907,17809,95122,248,0,6
1,0,60000,15,60000,60000,0,60000,0,60000,0,0,0
1,1,46649,0,46649,0,16827,269,682285,1283115,64052,0,14
1,1,46649,1,46649,16827,1129,26313,97824,234311,3993,0,6
1,1,46649,2,46649,17152,1736,39275,123047,247073,22835,0,8
1,1,46649,3,46649,18320,654,39804,88222,194377,14358,0,10
1,1,46649,4,46649,18419,654,41090,48973,133591,5502,0,11
1,1,46649,5,46649,18688,4122,42378,63416,156585,8448,0,7
1,1,46649,6,46649,22771,86,46563,688,47681,172,0,3
1,1,46649,7,46649,22856,1186,45463,3558,49021,2372,0,2
1,1,46649,8,46649,24042,3978,42154,12670,55639,8175,0,2
1,1,46649,9,46649,28020,0,46649,0,46649,0,0,0
1,1,46649,10,46649,28020,903,34782,90907,201287,13588,0,11
1,1,46649,11,46649,28164,394,34548,52452,143733,3910,0,9
1,1,46649,12,46649,28243,142,41626,14106,73409,726,0,8
1,1,46649,13,46649,28280,1,42826,7309,61245,11,0,3
1,1,46649,14,46649,28280,53,41885,11076,68137,332,0,7
1,1,46649,15,46649,28294,6105,40544,18315,58859,12210,0,2
1,2,23152,0,23152,0,7914,352,374047,702804,34221,0,12
1,2,23152,1,23152,7914,698,12751,54967,127614,2736,0,6
1,2,23152,2,23152,8118,685,20546,48938,103648,8690,0,8
1,2,23152,3,23152,8681,402,20692,38512,86168,7004,0,9
1,2,23152,4,23152,8751,246,21334,23683,64380,3069,0,10
1,2,23152,5,23152,8893,5436,17629,82572,165856,11220,0,6
1,2,23152,6,23152,14228,160,22992,1280,25072,320,0,3
1,2,23152,7,23152,14385,436,22716,1308,24024,872,0,2
1,2,23152,8,23152,14821,757,22105,2879,25246,1832,0,2
1,2,23152,9,23152,15578,0,23152,0,23152,0,0,0
1,2,23152,10,23152,15578,449,18457,45115,98946,7218,0,11
1,2,23152,11,23152,15659,244,18429,28102,73064,3146,0,9
1,2,23152,12,23152,15721,62,21355,6693,35474,532,0,7
1,2,23152,13,23152,15735,1,21852,2552,28250,3,0,4
1,2,23152,14,23152,15735,20,21583,3854,30634,113,0,6
1,2,23152,15,23152,15737,1329,21823,3987,25810,2658,0,2
1,3,14551,0,14551,0,5737,476,227552,425403,22126,0,13
1,3,14551,1,14551,5737,549,8620,33453,77499,1979,0,7
1,3,14551,2,14551,5907,1033,12538,39671,78725,7584,0,10
1,3,14551,3,14551,6635,382,12650,30598,64395,5676,0,10
1,3,14551,4,14551,6684,253,13182,15591,41653,2040,0,12
1,3,14551,5,14551,6820,2241,12215,35120,75335,4728,0,6
1,3,14551,6,14551,8999,68,14483,544,15367,136,0,3
1,3,14551,7,14551,9056,251,14300,753,15053,502,0,2
1,3,14551,8,14551,9307,655,13722,2309,16209,1480,0,2
1,3,14551,9,14551,9962,0,14551,0,14551,0,0,0
1,3,14551,10,14551,9962,300,11916,25583,57441,4138,0,9
1,3,14551,11,14551,10020,155,11928,16276,43231,1936,0,8
1,3,14551,12,14551,10047,31,13627,3292,20639,248,0,7
1,3,14551,13,14551,10055,3,13913,1289,17113,8,0,4
1,3,14551,14,14551,10057,13,13775,1948,18311,68,0,6
1,3,14551,15,14551,10061,927,13624,2781,16405,1854,0,2
1,4,9154,0,9154,0,3541,295,144436,270800,13613,0,12
1,4,9154,1,9154,3541,404,5394,22232,50536,1541,0,5
1,4,9154,2,9154,3651,447,7618,30535,58868,5678,0,8
1,4,9154,3,9154,3961,264,7682,24314,48902,4440,0,9
1,4,9154,4,9154,3997,129,8176,11051,28282,1487,0,10
1,4,9154,5,9154,4067,2275,6824,35143,69732,4854,0,7
1,4,9154,6,9154,6249,56,9098,448,9826,112,0,3
1,4,9154,7,9154,6297,146,9008,438,9446,292,0,2
1,4,9154,8,9154,6443,343,8705,1242,10052,793,0,2
1,4,9154,9,9154,6786,0,9154,0,9154,0,0,0
1,4,9154,10,9154,6786,197,7638,15536,35248,2489,0,11
1,4,9154,11,9154,6821,97,7662,9873,26350,1275,0,7
1,4,9154,12,9154,6854,26,8612,1980,12816,149,0,6
1,4,9154,13,9154,6858,0,8777,769,10686,3,0,3
1,4,9154,14,9154,6858,8,8715,1155,11378,43,0,6
1,4,9154,15,9154,6859,459,8695,1377,10072,918,0,2
1,5,6374,0,6374,0,2668,268,101412,189674,9762,0,13
1,5,6374,1,6374,2668,336,3783,15697,35450,1159,0,5
1,5,6374,2,6374,2766,623,5179,25087,46830,4859,0,8
1,5,6374,3,6374,3202,238,5218,20231,39116,3860,0,10
1,5,6374,4,6374,3229,125,5597,7978,20344,993,0,10
1,5,6374,5,6374,3303,1201,5124,19195,39480,2642,0,5
1,5,6374,6,6374,4421,42,6332,336,6878,84,0,3
1,5,6374,7,6374,4453,116,6258,348,6606,232,0,2
1,5,6374,8,6374,4569,223,6089,789,6944,504,0,2
1,5,6374,9,6374,4792,0,6374,0,6374,0,0,0
1,5,6374,10,6374,4792,126,5425,11190,25056,1849,0,10
1,5,6374,11,6374,4819,74,5457,6578,17662,934,0,9
1,5,6374,12,6374,4836,22,6060,1331,8786,125,0,5
1,5,6374,13,6374,4842,1,6153,457,7284,2,0,3
1,5,6374,14,6374,4842,4,6112,661,7658,19,0,5
1,5,6374,15,6374,4843,303,6071,909,6980,606,0,2
1,6,4510,0,4510,0,1943,237,73241,136794,7099,0,14
1,6,4510,1,4510,1943,271,2633,11895,26438,931,0,6
1,6,4510,2,4510,2010,338,3552,20449,37574,3917,0,8
1,6,4510,3,4510,2231,196,3571,16471,31434,3009,0,9
1,6,4510,4,4510,2257,75,3913,5698,14388,759,0,11
1,6,4510,5,4510,2301,1196,3265,18896,37014,2644,0,6
1,6,4510,6,4510,3392,33,4477,264,4906,66,0,3
1,6,4510,7,4510,3415,62,4448,186,4634,124,0,2
1,6,4510,8,4510,3477,110,4368,398,4794,256,0,2
1,6,4510,9,4510,3587,0,4510,0,4510,0,0,0
1,6,4510,10,4510,3587,104,3880,7384,16900,1189,0,10
1,6,4510,11,4510,3610,59,3897,4906,12830,746,0,9
1,6,4510,12,4510,3622,17,4273,1048,6420,93,0,5
1,6,4510,13,4510,3628,1,4354,336,5178,2,0,4
1,6,4510,14,4510,3629,4,4330,513,5488,24,0,5
1,6,4510,15,4510,3630,185,4325,555,4880,370,0,2
1,7,3465,0,3465,0,1478,194,55516,103739,5379,0,12
1,7,3465,1,3465,1478,214,2079,8853,19721,725,0,5
1,7,3465,2,3465,1544,448,2664,17861,32053,3567,0,8
1,7,3465,3,3465,1858,196,2685,13976,26247,2585,0,9
1,7,3465,4,3465,1878,68,2973,4504,11303,585,0,10
1,7,3465,5,3465,1913,769,2650,12594,25169,1742,0,6
1,7,3465,6,3465,2614,33,3432,264,3861,66,0,3
1,7,3465,7,3465,2637,48,3417,144,3561,96,0,2
1,7,3465,8,3465,2685,86,3357,294,3681,186,0,2
1,7,3465,9,3465,2771,0,3465,0,3465,0,0,0
1,7,3465,10,3465,2771,68,3024,5141,12127,810,0,10
1,7,3465,11,3465,2789,42,3040,3521,9415,546,0,7
1,7,3465,12,3465,2805,15,3306,782,4863,83,0,7
1,7,3465,13,3465,2812,0,3369,225,3907,4,0,2
1,7,3465,14,3465,2812,4,3350,351,4125,21,0,5
1,7,3465,15,3465,2813,111,3354,333,3687,222,0,2
2,0,60000,0,60000,0,13689,0,673928,1359106,45529,0,10
2,0,60000,1,60000,13689,892,33409,103087,262906,3099,0,4
2,0,60000,2,60000,13744,4028,52785,101145,228744,27110,0,8
2,0,60000,3,60000,17772,936,53158,68448,178998,15016,0,9
2,0,60000,4,60000,17987,826,54736,35283,124990,4968,0,11
2,0,60000,5,60000,18453,27971,32029,361985,727606,56364,0,4
2,0,60000,6,60000,46424,0,60000,0,60000,0,0,0
2,0,60000,7,60000,46424,13576,46424,13576,60000,27152,0,1
2,0,60000,8,60000,60000,0,60000,0,60000,0,0,0
2,0,60000,9,60000,60000,70,59923,1373,61684,776,0,5
2,0,60000,10,60000,60000,1507,43966,79183,202984,14501,0,11
2,0,60000,11,60000,60000,364,42328,54517,166298,2578,0,8
2,0,60000,12,60000,60000,119,52013,18523,96544,490,0,6
2,0,60000,13,60000,60000,1,53348,13168,86304,29,0,3
2,0,60000,14,60000,60000,38,51907,17589,94864,286,0,6
2,0,60000,15,60000,60000,0,60000,0,60000,0,0,0
2,1,46649,0,46649,0,16827,269,621446,1216513,69815,0,13
2,1,46649,1,46649,16827,1129,26313,94109,230529,4060,0,5
2,1,46649,2,46649,17152,1736,39275,106447,226813,26495,0,8
2,1,46649,3,46649,18320,654,39804,76914,180361,17066,0,9
2,1,46649,4,46649,18419,654,41090,44322,127673,6769,0,10
2,1,46649,5,46649,18688,4122,42378,54968,148137,8448,0,6
2,1,46649,6,46649,22771,86,46563,516,47509,172,0,2
2,1,46649,7,46649,22856,1186,45463,1186,46649,2372,0,1
2,1,46649,8,46649,24042,3978,42154,4495,46649,8990,0,1
2,1,46649,9,46649,28020,0,46649,0,46649,0,0,0
2,1,46649,10,46649,28020,903,34782,78245,186599,15614,0,10
2,1,46649,11,46649,28164,394,34548,48781,139743,4229,0,8
2,1,46649,12,46649,28243,142,41626,13399,72577,851,0,7
2,1,46649,13,46649,28280,1,42826,7299,61235,11,0,2
2,1,46649,14,46649,28280,53,41885,10784,67789,388,0,6
2,1,46649,15,46649,28294,6105,40544,6105,46649,12210,0,1
2,2,23152,0,23152,0,7914,352,341282,666846,37414,0,12
2,2,23152,1,23152,7914,698,12751,52391,124992,2782,0,5
2,2,23152,2,23152,8118,685,20546,42522,95792,10130,0,8
2,2,23152,3,23152,8681,402,20692,33050,79728,7982,0,9
2,2,23152,4,23152,8751,246,21334,21127,61124,3769,0,10
2,2,23152,5,23152,8893,5436,17629,71352,154636,11220,0,5
2,2,23152,6,23152,14228,160,22992,960,24752,320,0,2
2,2,23152,7,23152,14385,436,22716,436,23152,872,0,1
2,2,23152,8,23152,14821,757,22105,1047,23152,2094,0,1
2,2,23152,9,23152,15578,0,23152,0,23152,0,0,0
2,2,23152,10,23152,15578,449,18457,38396,91080,8365,0,10
2,2,23152,11,23152,15659,244,18429,25141,69834,3415,0,8
2,2,23152,12,23152,15721,62,21355,6176,34884,605,0,6
2,2,23152,13,23152,15735,1,21852,2550,28248,3,0,4
2,2,23152,14,23152,15735,20,21583,3755,30520,128,0,6
2,2,23152,15,23152,15737,1329,21823,1329,23152,2658,0,1
2,3,14551,0,14551,0,5737,476,206324,402279,24022,0,12
2,3,14551,1,14551,5737,549,8620,31556,75581,2000,0,6
2,3,14551,2,14551,5907,1033,12538,34269,72181,8726,0,9
2,3,14551,3,14551,6635,382,12650,26147,59081,6539,0,9
2,3,14551,4,14551,6684,253,13182,13914,39577,2439,0,11
2,3,14551,5,14551,6820,2241,12215,30392,70607,4728,0,6
2,3,14551,6,14551,8999,68,14483,408,15231,136,0,2
2,3,14551,7,14551,9056,251,14300,251,14551,502,0,1
2,3,14551,8,14551,9307,655,13722,829,14551,1658,0,1
2,3,14551,9,14551,9962,0,14551,0,14551,0,0,0
2,3,14551,10,14551,9962,300,11916,21708,52949,4755,0,8
2,3,14551,11,14551,10020,155,11928,14454,41239,2106,0,7
2,3,14551,12,14551,10047,31,13627,3051,20359,287,0,6
2,3,14551,13,14551,10055,3,13913,1281,17105,8,0,3
2,3,14551,14,14551,10057,13,13775,1888,18243,76,0,5
2,3,14551,15,14551,10061,927,13624,927,14551,1854,0,1
2,4,9154,0,9154,0,3541,295,131455,256524,14908,0,11
2,4,9154,1,9154,3541,404,5394,20762,49052,1555,0,5
2,4,9154,2,9154,3651,447,7618,26525,53992,6544,0,8
2,4,9154,3,9154,3961,264,7682,20801,44664,5165,0,9
2,4,9154,4,9154,3997,129,8176,9851,26788,1781,0,9
2,4,9154,5,9154,4067,2275,6824,30289,64878,4854,0,7
2,4,9154,6,9154,6249,56,9098,336,9714,112,0,2
2,4,9154,7,9154,6297,146,9008,146,9154,292,0,1
2,4,9154,8,9154,6443,343,8705,449,9154,898,0,1
2,4,9154,9,9154,6786,0,9154,0,9154,0,0,0
2,4,9154,10,9154,6786,197,7638,13199,32508,2892,0,10
2,4,9154,11,9154,6821,97,7662,8668,25044,1376,0,6
2,4,9154,12,9154,6854,26,8612,1835,12640,180,0,6
2,4,9154,13,9154,6858,0,8777,767,10684,3,0,2
2,4,9154,14,9154,6858,8,8715,1119,11334,51,0,5
2,4,9154,15,9154,6859,459,8695,459,9154,918,0,1
2,5,6374,0,6374,0,2668,268,92080,179440,10664,0,12
2,5,6374,1,6374,2668,336,3783,14587,34328,1171,0,4
2,5,6374,2,6374,2766,623,5179,21685,42706,5581,0,8
2,5,6374,3,6374,3202,238,5218,17115,35368,4492,0,9
2,5,6374,4,6374,3229,125,5597,7147,19286,1220,0,10
2,5,6374,5,6374,3303,1201,5124,16553,36838,2642,0,5
2,5,6374,6,6374,4421,42,6332,252,6794,84,0,2
2,5,6374,7,6374,4453,116,6258,116,6374,232,0,1
2,5,6374,8,6374,4569,223,6089,285,6374,570,0,1
2,5,6374,9,6374,4792,0,6374,0,6374,0,0,0
2,5,6374,10,6374,4792,126,5425,9457,22974,2198,0,10
2,5,6374,11,6374,4819,74,5457,5702,16720,1000,0,8
2,5,6374,12,6374,4836,22,6060,1210,8642,148,0,4
2,5,6374,13,6374,4842,1,6153,455,7282,2,0,2
2,5,6374,14,6374,4842,4,6112,646,7638,24,0,4
2,5,6374,15,6374,4843,303,6071,303,6374,606,0,1
2,6,4510,0,4510,0,1943,237,66512,129338,7826,0,13
2,6,4510,1,4510,1943,271,2633,10989,25524,939,0,5
2,6,4510,2,4510,2010,338,3552,17729,34266,4505,0,8
2,6,4510,3,4510,2231,196,3571,14110,28540,3542,0,8
2,6,4510,4,4510,2257,75,3913,5082,13612,919,0,10
2,6,4510,5,4510,2301,1196,3265,16252,34370,2644,0,6
2,6,4510,6,4510,3392,33,4477,198,4840,66,0,2
2,6,4510,7,4510,3415,62,4448,62,4510,124,0,1
2,6,4510,8,4510,3477,110,4368,142,4510,284,0,1
2,6,4510,9,4510,3587,0,4510,0,4510,0,0,0
2,6,4510,10,4510,3587,104,3880,6273,15574,1404,0,9
2,6,4510,11,4510,3610,59,3897,4211,12082,799,0,8
2,6,4510,12,4510,3622,17,4273,959,6312,112,0,5
2,6,4510,13,4510,3628,1,4354,334,5176,2,0,3
2,6,4510,14,4510,3629,4,4330,492,5462,29,0,4
2,6,4510,15,4510,3630,185,4325,185,4510,370,0,1
2,7,3465,0,3465,0,1478,194,50434,98077,5959,0,11
2,7,3465,1,3465,1478,214,2079,8161,19023,731,0,4
2,7,3465,2,3465,1544,448,2664,15356,29019,4096,0,7
2,7,3465,3,3465,1858,196,2685,11954,23787,3023,0,8
2,7,3465,4,3465,1878,68,2973,4001,10661,724,0,9
2,7,3465,5,3465,1913,769,2650,10852,23427,1742,0,6
2,7,3465,6,3465,2614,33,3432,198,3795,66,0,2
2,7,3465,7,3465,2637,48,3417,48,3465,96,0,1
2,7,3465,8,3465,2685,86,3357,108,3465,216,0,1
2,7,3465,9,3465,2771,0,3465,0,3465,0,0,0
2,7,3465,10,3465,2771,68,3024,4379,11211,964,0,9
2,7,3465,11,3465,2789,42,3040,3016,8861,595,0,6
2,7,3465,12,3465,2805,15,3306,702,4767,99,0,6
2,7,3465,13,3465,2812,0,3369,221,3903,4,0,1
2,7,3465,14,3465,2812,4,3350,334,4105,24,0,5
2,7,3465,15,3465,2813,111,3354,111,3465,222,0,1
