run_id,case,role,stream_compaction,compaction_field_present,antialiasing,width,height,samples_per_pixel,depth,elapsed_seconds,exit_code,started_at_utc,ended_at_utc,scene,scene_sha256,image,image_sha256,executable_sha256,stdout,stderr
01_open_off_warmup_0,open,warmup,False,True,True,800,800,100,8,2.753959,0,2026-09-24T04:24:34.034950+00:00,2026-09-24T04:24:36.788476+00:00,scenes/open_sc_off_800x800_100spp_depth8.json,ABA88DED2D0AA3F0E061B0DE7C19D0B23D1BB37E0EE1E0058CCF6DF1459F2A05,raw_runs/01_open_off_warmup_0/open_sc_off_800x800_100spp_depth8.2026-09-24_04-24-34z.100samp.png,291180E20C1AC60A798E2016EF574D6B7065E8B17647D1F223BC5A87EF5EF7AC,3ED057BC59E9414F1FAA617BBA4DDE1903504D90E9238B8D2F414200799604FE,raw_runs/01_open_off_warmup_0/stdout.log,raw_runs/01_open_off_warmup_0/stderr.log
02_open_on_warmup_0,open,warmup,True,True,True,800,800,100,8,2.188229,0,2026-09-24T04:24:36.914361+00:00,2026-09-24T04:24:39.102577+00:00,scenes/open_sc_on_800x800_100spp_depth8.json,CA86E60FC523ADB246CC4F3624B33988F2B8AAE339449706B95AA60E9F8F7B78,raw_runs/02_open_on_warmup_0/open_sc_on_800x800_100spp_depth8.2026-09-24_04-24-36z.100samp.png,291180E20C1AC60A798E2016EF574D6B7065E8B17647D1F223BC5A87EF5EF7AC,3ED057BC59E9414F1FAA617BBA4DDE1903504D90E9238B8D2F414200799604FE,raw_runs/02_open_on_warmup_0/stdout.log,raw_runs/02_open_on_warmup_0/stderr.log
03_closed_off_warmup_0,closed,warmup,False,True,True,800,800,100,8,3.092284,0,2026-09-24T04:24:39.242194+00:00,2026-09-24T04:24:42.334554+00:00,scenes/closed_sc_off_800x800_100spp_depth8.json,8E862FE6DE0D6F561728B314271E57A18166FB60FDEAE2BD98BF5E5E284116F5,raw_runs/03_closed_off_warmup_0/closed_sc_off_800x800_100spp_depth8.2026-09-24_04-24-39z.100samp.png,9444C6A9FE06675C51153E55B823EC77E31ED316C4B4796BE2229C0C13399B24,3ED057BC59E9414F1FAA617BBA4DDE1903504D90E9238B8D2F414200799604FE,raw_runs/03_closed_off_warmup_0/stdout.log,raw_runs/03_closed_off_warmup_0/stderr.log
04_closed_on_warmup_0,closed,warmup,True,True,True,800,800,100,8,2.914046,0,2026-09-24T04:24:42.465204+00:00,2026-09-24T04:24:45.382460+00:00,scenes/closed_sc_on_800x800_100spp_depth8.json,02330C14802DDD55F3221515523EEC373FDADD29D51B5A6E7D78B307C6623702,raw_runs/04_closed_on_warmup_0/closed_sc_on_800x800_100spp_depth8.2026-09-24_04-24-42z.100samp.png,9444C6A9FE06675C51153E55B823EC77E31ED316C4B4796BE2229C0C13399B24,3ED057BC59E9414F1FAA617BBA4DDE1903504D90E9238B8D2F414200799604FE,raw_runs/04_closed_on_warmup_0/stdout.log,raw_runs/04_closed_on_warmup_0/stderr.log
05_open_off_baseline_1,open,baseline,False,True,True,800,800,1000,8,19.605325,0,2026-09-24T04:24:45.525481+00:00,2026-09-24T04:25:05.132631+00:00,scenes/open_sc_off_800x800_1000spp_depth8.json,4E59F3D1C0FD668E429BC04495EB1036A074B5B1D5A487B48169154F172EF066,raw_runs/05_open_off_baseline_1/open_sc_off_800x800_1000spp_depth8.2026-09-24_04-24-45z.1000samp.png,59C462B0CBE75FE5EA2D2FD96717B7DDDBD5ED3AD6B712B4BF0BD6ED7F006398,3ED057BC59E9414F1FAA617BBA4DDE1903504D90E9238B8D2F414200799604FE,raw_runs/05_open_off_baseline_1/stdout.log,raw_runs/05_open_off_baseline_1/stderr.log
06_open_on_baseline_1,open,baseline,True,True,True,800,800,1000,8,14.958475,0,2026-09-24T04:25:05.271665+00:00,2026-09-24T04:25:20.231155+00:00,scenes/open_sc_on_800x800_1000spp_depth8.json,B1CB84CFD3C0EDF4E95E75E8C7D0B52DF4598AD5BFF81F7D111EB9CDEC6FCB87,raw_runs/06_open_on_baseline_1/open_sc_on_800x800_1000spp_depth8.2026-09-24_04-25-05z.1000samp.png,59C462B0CBE75FE5EA2D2FD96717B7DDDBD5ED3AD6B712B4BF0BD6ED7F006398,3ED057BC59E9414F1FAA617BBA4DDE1903504D90E9238B8D2F414200799604FE,raw_runs/06_open_on_baseline_1/stdout.log,raw_runs/06_open_on_baseline_1/stderr.log
07_closed_off_baseline_1,closed,baseline,False,True,True,800,800,1000,8,21.227657,0,2026-09-24T04:25:20.364346+00:00,2026-09-24T04:25:41.594079+00:00,scenes/closed_sc_off_800x800_1000spp_depth8.json,4E35CBA694EC9D02FA1359398450859EAEC19C2DB3E38E0A22D856F36E34191A,raw_runs/07_closed_off_baseline_1/closed_sc_off_800x800_1000spp_depth8.2026-09-24_04-25-20z.1000samp.png,84CE998F39867901E640D2334BF298653D98F7E9CB28B0BA1292B3EA003ECF9A,3ED057BC59E9414F1FAA617BBA4DDE1903504D90E9238B8D2F414200799604FE,raw_runs/07_closed_off_baseline_1/stdout.log,raw_runs/07_closed_off_baseline_1/stderr.log
08_closed_on_baseline_1,closed,baseline,True,True,True,800,800,1000,8,21.209762,0,2026-09-24T04:25:41.741282+00:00,2026-09-24T04:26:02.951723+00:00,scenes/closed_sc_on_800x800_1000spp_depth8.json,9F139A4B63749406BD0DEFD52DF2E40645E265AF90CEBF09B8FEA7245565B058,raw_runs/08_closed_on_baseline_1/closed_sc_on_800x800_1000spp_depth8.2026-09-24_04-25-41z.1000samp.png,84CE998F39867901E640D2334BF298653D98F7E9CB28B0BA1292B3EA003ECF9A,3ED057BC59E9414F1FAA617BBA4DDE1903504D90E9238B8D2F414200799604FE,raw_runs/08_closed_on_baseline_1/stdout.log,raw_runs/08_closed_on_baseline_1/stderr.log
09_closed_on_baseline_2,closed,baseline,True,True,True,800,800,1000,8,21.356726,0,2026-09-24T04:26:03.076037+00:00,2026-09-24T04:26:24.434581+00:00,scenes/closed_sc_on_800x800_1000spp_depth8.json,9F139A4B63749406BD0DEFD52DF2E40645E265AF90CEBF09B8FEA7245565B058,raw_runs/09_closed_on_baseline_2/closed_sc_on_800x800_1000spp_depth8.2026-09-24_04-26-03z.1000samp.png,84CE998F39867901E640D2334BF298653D98F7E9CB28B0BA1292B3EA003ECF9A,3ED057BC59E9414F1FAA617BBA4DDE1903504D90E9238B8D2F414200799604FE,raw_runs/09_closed_on_baseline_2/stdout.log,raw_runs/09_closed_on_baseline_2/stderr.log
10_closed_off_baseline_2,closed,baseline,False,True,True,800,800,1000,8,21.447011,0,2026-09-24T04:26:24.559302+00:00,2026-09-24T04:26:46.006764+00:00,scenes/closed_sc_off_800x800_1000spp_depth8.json,4E35CBA694EC9D02FA1359398450859EAEC19C2DB3E38E0A22D856F36E34191A,raw_runs/10_closed_off_baseline_2/closed_sc_off_800x800_1000spp_depth8.2026-09-24_04-26-24z.1000samp.png,84CE998F39867901E640D2334BF298653D98F7E9CB28B0BA1292B3EA003ECF9A,3ED057BC59E9414F1FAA617BBA4DDE1903504D90E9238B8D2F414200799604FE,raw_runs/10_closed_off_baseline_2/stdout.log,raw_runs/10_closed_off_baseline_2/stderr.log
11_open_on_baseline_2,open,baseline,True,True,True,800,800,1000,8,15.16406,0,2026-09-24T04:26:46.139582+00:00,2026-09-24T04:27:01.305349+00:00,scenes/open_sc_on_800x800_1000spp_depth8.json,B1CB84CFD3C0EDF4E95E75E8C7D0B52DF4598AD5BFF81F7D111EB9CDEC6FCB87,raw_runs/11_open_on_baseline_2/open_sc_on_800x800_1000spp_depth8.2026-09-24_04-26-46z.1000samp.png,59C462B0CBE75FE5EA2D2FD96717B7DDDBD5ED3AD6B712B4BF0BD6ED7F006398,3ED057BC59E9414F1FAA617BBA4DDE1903504D90E9238B8D2F414200799604FE,raw_runs/11_open_on_baseline_2/stdout.log,raw_runs/11_open_on_baseline_2/stderr.log
12_open_off_baseline_2,open,baseline,False,True,True,800,800,1000,8,19.73389,0,2026-09-24T04:27:01.428984+00:00,2026-09-24T04:27:21.163306+00:00,scenes/open_sc_off_800x800_1000spp_depth8.json,4E59F3D1C0FD668E429BC04495EB1036A074B5B1D5A487B48169154F172EF066,raw_runs/12_open_off_baseline_2/open_sc_off_800x800_1000spp_depth8.2026-09-24_04-27-01z.1000samp.png,59C462B0CBE75FE5EA2D2FD96717B7DDDBD5ED3AD6B712B4BF0BD6ED7F006398,3ED057BC59E9414F1FAA617BBA4DDE1903504D90E9238B8D2F414200799604FE,raw_runs/12_open_off_baseline_2/stdout.log,raw_runs/12_open_off_baseline_2/stderr.log
13_open_off_baseline_3,open,baseline,False,True,True,800,800,1000,8,19.652652,0,2026-09-24T04:27:21.311061+00:00,2026-09-24T04:27:40.965955+00:00,scenes/open_sc_off_800x800_1000spp_depth8.json,4E59F3D1C0FD668E429BC04495EB1036A074B5B1D5A487B48169154F172EF066,raw_runs/13_open_off_baseline_3/open_sc_off_800x800_1000spp_depth8.2026-09-24_04-27-21z.1000samp.png,59C462B0CBE75FE5EA2D2FD96717B7DDDBD5ED3AD6B712B4BF0BD6ED7F006398,3ED057BC59E9414F1FAA617BBA4DDE1903504D90E9238B8D2F414200799604FE,raw_runs/13_open_off_baseline_3/stdout.log,raw_runs/13_open_off_baseline_3/stderr.log
14_open_on_baseline_3,open,baseline,True,True,True,800,800,1000,8,15.025496,0,2026-09-24T04:27:41.108468+00:00,2026-09-24T04:27:56.134678+00:00,scenes/open_sc_on_800x800_1000spp_depth8.json,B1CB84CFD3C0EDF4E95E75E8C7D0B52DF4598AD5BFF81F7D111EB9CDEC6FCB87,raw_runs/14_open_on_baseline_3/open_sc_on_800x800_1000spp_depth8.2026-09-24_04-27-41z.1000samp.png,59C462B0CBE75FE5EA2D2FD96717B7DDDBD5ED3AD6B712B4BF0BD6ED7F006398,3ED057BC59E9414F1FAA617BBA4DDE1903504D90E9238B8D2F414200799604FE,raw_runs/14_open_on_baseline_3/stdout.log,raw_runs/14_open_on_baseline_3/stderr.log
15_closed_off_baseline_3,closed,baseline,False,True,True,800,800,1000,8,21.393727,0,2026-09-24T04:27:56.250934+00:00,2026-09-24T04:28:17.647363+00:00,scenes/closed_sc_off_800x800_1000spp_depth8.json,4E35CBA694EC9D02FA1359398450859EAEC19C2DB3E38E0A22D856F36E34191A,raw_runs/15_closed_off_baseline_3/closed_sc_off_800x800_1000spp_depth8.2026-09-24_04-27-56z.1000samp.png,84CE998F39867901E640D2334BF298653D98F7E9CB28B0BA1292B3EA003ECF9A,3ED057BC59E9414F1FAA617BBA4DDE1903504D90E9238B8D2F414200799604FE,raw_runs/15_closed_off_baseline_3/stdout.log,raw_runs/15_closed_off_baseline_3/stderr.log
16_closed_on_baseline_3,closed,baseline,True,True,True,800,800,1000,8,21.264138,0,2026-09-24T04:28:17.771767+00:00,2026-09-24T04:28:39.037004+00:00,scenes/closed_sc_on_800x800_1000spp_depth8.json,9F139A4B63749406BD0DEFD52DF2E40645E265AF90CEBF09B8FEA7245565B058,raw_runs/16_closed_on_baseline_3/closed_sc_on_800x800_1000spp_depth8.2026-09-24_04-28-17z.1000samp.png,84CE998F39867901E640D2334BF298653D98F7E9CB28B0BA1292B3EA003ECF9A,3ED057BC59E9414F1FAA617BBA4DDE1903504D90E9238B8D2F414200799604FE,raw_runs/16_closed_on_baseline_3/stdout.log,raw_runs/16_closed_on_baseline_3/stderr.log
17_original_off_original_camera_regression_single_run_1,original,original_camera_regression_single_run,False,True,True,800,800,1000,8,17.201138,0,2026-09-24T04:28:39.188102+00:00,2026-09-24T04:28:56.391033+00:00,scenes/original_sc_off_800x800_1000spp_depth8.json,867833ACC2A24B4A7E70787501895F31E4FD4D33DEB4D2AC7F209DC5619A71A6,raw_runs/17_original_off_original_camera_regression_single_run_1/original_sc_off_800x800_1000spp_depth8.2026-09-24_04-28-39z.1000samp.png,B461F9A38787FB9B401CCC481FE2B88579BD9D133532B865161B3E1BBB31B70B,3ED057BC59E9414F1FAA617BBA4DDE1903504D90E9238B8D2F414200799604FE,raw_runs/17_original_off_original_camera_regression_single_run_1/stdout.log,raw_runs/17_original_off_original_camera_regression_single_run_1/stderr.log
18_original_on_original_camera_regression_single_run_1,original,original_camera_regression_single_run,True,True,True,800,800,1000,8,11.88147,0,2026-09-24T04:28:56.528795+00:00,2026-09-24T04:29:08.411293+00:00,scenes/original_sc_on_800x800_1000spp_depth8.json,53E57F624262E7B0D4806881C624968436EFEA037DE570E146FA704AA30EE5F3,raw_runs/18_original_on_original_camera_regression_single_run_1/original_sc_on_800x800_1000spp_depth8.2026-09-24_04-28-56z.1000samp.png,B461F9A38787FB9B401CCC481FE2B88579BD9D133532B865161B3E1BBB31B70B,3ED057BC59E9414F1FAA617BBA4DDE1903504D90E9238B8D2F414200799604FE,raw_runs/18_original_on_original_camera_regression_single_run_1/stdout.log,raw_runs/18_original_on_original_camera_regression_single_run_1/stderr.log
