case,stream_compaction,iteration,width,height,bounce,processed_slots,active_before,active_after,terminated_miss,terminated_light,terminated_depth,slots_after,compaction_integer
open,False,1,800,800,1,640000,640000,622860,0,17140,0,640000,0
open,False,1,800,800,2,640000,622860,529038,83201,10621,0,640000,0
open,False,1,800,800,3,640000,529038,439780,80535,8723,0,640000,0
open,False,1,800,800,4,640000,439780,362229,70289,7262,0,640000,0
open,False,1,800,800,5,640000,362229,297264,59054,5911,0,640000,0
open,False,1,800,800,6,640000,297264,243652,48710,4902,0,640000,0
open,False,1,800,800,7,640000,243652,199466,40238,3948,0,640000,0
open,False,1,800,800,8,640000,199466,0,32610,3241,163615,640000,0
open,True,1,800,800,1,640000,640000,622860,0,17140,0,622860,1
open,True,1,800,800,2,622860,622860,529038,83201,10621,0,529038,1
open,True,1,800,800,3,529038,529038,439780,80535,8723,0,439780,1
open,True,1,800,800,4,439780,439780,362229,70289,7262,0,362229,1
open,True,1,800,800,5,362229,362229,297264,59054,5911,0,297264,1
open,True,1,800,800,6,297264,297264,243652,48710,4902,0,243652,1
open,True,1,800,800,7,243652,243652,199466,40238,3948,0,199466,1
open,True,1,800,800,8,199466,199466,0,32610,3241,163615,0,1
closed,False,1,800,800,1,640000,640000,622860,0,17140,0,640000,0
closed,False,1,800,800,2,640000,622860,612239,0,10621,0,640000,0
closed,False,1,800,800,3,640000,612239,601830,0,10409,0,640000,0
closed,False,1,800,800,4,640000,601830,591515,0,10315,0,640000,0
closed,False,1,800,800,5,640000,591515,581561,0,9954,0,640000,0
closed,False,1,800,800,6,640000,581561,571586,0,9975,0,640000,0
closed,False,1,800,800,7,640000,571586,561955,0,9631,0,640000,0
closed,False,1,800,800,8,640000,561955,0,0,9670,552285,640000,0
closed,True,1,800,800,1,640000,640000,622860,0,17140,0,622860,1
closed,True,1,800,800,2,622860,622860,612239,0,10621,0,612239,1
closed,True,1,800,800,3,612239,612239,601830,0,10409,0,601830,1
closed,True,1,800,800,4,601830,601830,591515,0,10315,0,591515,1
closed,True,1,800,800,5,591515,591515,581561,0,9954,0,581561,1
closed,True,1,800,800,6,581561,581561,571586,0,9975,0,571586,1
closed,True,1,800,800,7,571586,571586,561955,0,9631,0,561955,1
closed,True,1,800,800,8,561955,561955,0,0,9670,552285,0,1
all_miss,True,1,800,800,1,640000,640000,0,640000,0,0,0,1
