name,wall_seconds,scene,executable,kind,render_loop_ms,camera_kernel_ms,camera_host_section_ms,intersection_ms,warmup_only
checker_off_warmup,1.1663370000314899,scenes/bench_checker_off.json,runtime/cis565_path_tracer.exe,,,,,,True
checker_zero_warmup,1.1524432000005618,scenes/bench_checker_zero.json,runtime/cis565_path_tracer.exe,,,,,,True
checker_on_warmup,1.1427534999675117,scenes/bench_checker_on.json,runtime/cis565_path_tracer.exe,,,,,,True
checker_r0_off_app,1.1597529000137001,scenes/bench_checker_off.json,runtime/cis565_path_tracer.exe,,,,,,False
checker_r0_off_reference,0.19449620001250878,scenes/bench_checker_off.json,diagnostic_build/bin/Release/dof_reference.exe,unmodified_renderer_headless,61.6454,,,,False
checker_r0_off_timing,0.20637339999666438,scenes/bench_checker_off.json,diagnostic_build/bin/Release/dof_timing.exe,cuda_event_instrumented,64.4575,6.2597118727862835,10.3643,16.0501441732049,False
checker_r0_zero_app,1.154152100032661,scenes/bench_checker_zero.json,runtime/cis565_path_tracer.exe,,,,,,False
checker_r0_zero_reference,0.20267590001458302,scenes/bench_checker_zero.json,diagnostic_build/bin/Release/dof_reference.exe,unmodified_renderer_headless,61.4815,,,,False
checker_r0_zero_timing,0.20914659998379648,scenes/bench_checker_zero.json,diagnostic_build/bin/Release/dof_timing.exe,cuda_event_instrumented,66.0528,5.368895899504423,8.789200000000003,16.61516808718443,False
checker_r0_on_app,1.1592953000217676,scenes/bench_checker_on.json,runtime/cis565_path_tracer.exe,,,,,,False
checker_r0_on_reference,0.21038120001321658,scenes/bench_checker_on.json,diagnostic_build/bin/Release/dof_reference.exe,unmodified_renderer_headless,68.6394,,,,False
checker_r0_on_timing,0.22827709995908663,scenes/bench_checker_on.json,diagnostic_build/bin/Release/dof_timing.exe,cuda_event_instrumented,75.3546,8.823168031871319,14.885899999999998,23.016799941658974,False
checker_r1_off_app,1.1251083999522962,scenes/bench_checker_off.json,runtime/cis565_path_tracer.exe,,,,,,False
checker_r1_off_reference,0.19549929996719584,scenes/bench_checker_off.json,diagnostic_build/bin/Release/dof_reference.exe,unmodified_renderer_headless,59.4698,,,,False
checker_r1_off_timing,0.2246399000287056,scenes/bench_checker_off.json,diagnostic_build/bin/Release/dof_timing.exe,cuda_event_instrumented,68.5947,5.50652788951993,11.289700000000003,16.10745609551668,False
checker_r1_on_app,1.1182938999845646,scenes/bench_checker_on.json,runtime/cis565_path_tracer.exe,,,,,,False
checker_r1_on_reference,0.2050848999642767,scenes/bench_checker_on.json,diagnostic_build/bin/Release/dof_reference.exe,unmodified_renderer_headless,67.8291,,,,False
checker_r1_on_timing,0.22223439998924732,scenes/bench_checker_on.json,diagnostic_build/bin/Release/dof_timing.exe,cuda_event_instrumented,73.9354,8.24332794174552,13.45450000000001,22.071583971381187,False
checker_r1_zero_app,1.1260820999741554,scenes/bench_checker_zero.json,runtime/cis565_path_tracer.exe,,,,,,False
checker_r1_zero_reference,0.2115351000102237,scenes/bench_checker_zero.json,diagnostic_build/bin/Release/dof_reference.exe,unmodified_renderer_headless,61.2098,,,,False
checker_r1_zero_timing,0.20416850002948195,scenes/bench_checker_zero.json,diagnostic_build/bin/Release/dof_timing.exe,cuda_event_instrumented,60.6314,5.046335831284523,8.8017,15.391040220856667,False
checker_r2_zero_app,1.1265448000049219,scenes/bench_checker_zero.json,runtime/cis565_path_tracer.exe,,,,,,False
checker_r2_zero_reference,0.19251090002944693,scenes/bench_checker_zero.json,diagnostic_build/bin/Release/dof_reference.exe,unmodified_renderer_headless,59.1027,,,,False
checker_r2_zero_timing,0.18891560001065955,scenes/bench_checker_zero.json,diagnostic_build/bin/Release/dof_timing.exe,cuda_event_instrumented,61.7226,5.101951841264963,9.361699999999997,15.243232250213623,False
checker_r2_off_app,1.1195029999944381,scenes/bench_checker_off.json,runtime/cis565_path_tracer.exe,,,,,,False
checker_r2_off_reference,0.1915327000315301,scenes/bench_checker_off.json,diagnostic_build/bin/Release/dof_reference.exe,unmodified_renderer_headless,59.8721,,,,False
checker_r2_off_timing,0.189810200012289,scenes/bench_checker_off.json,diagnostic_build/bin/Release/dof_timing.exe,cuda_event_instrumented,64.0135,5.303647890686989,10.364000000000003,15.967712119221687,False
checker_r2_on_app,1.1233573000063188,scenes/bench_checker_on.json,runtime/cis565_path_tracer.exe,,,,,,False
checker_r2_on_reference,0.21870339999441057,scenes/bench_checker_on.json,diagnostic_build/bin/Release/dof_reference.exe,unmodified_renderer_headless,68.5289,,,,False
checker_r2_on_timing,0.20698210003320128,scenes/bench_checker_on.json,diagnostic_build/bin/Release/dof_timing.exe,cuda_event_instrumented,73.5505,8.065055932849646,13.850100000000003,23.732448041439056,False
checker_r3_zero_app,1.118164199986495,scenes/bench_checker_zero.json,runtime/cis565_path_tracer.exe,,,,,,False
checker_r3_zero_reference,0.19190929998876527,scenes/bench_checker_zero.json,diagnostic_build/bin/Release/dof_reference.exe,unmodified_renderer_headless,59.0503,,,,False
checker_r3_zero_timing,0.19177959999069571,scenes/bench_checker_zero.json,diagnostic_build/bin/Release/dof_timing.exe,cuda_event_instrumented,61.4761,5.079455848783255,8.4755,15.187776267528534,False
checker_r3_on_app,1.1074716000002809,scenes/bench_checker_on.json,runtime/cis565_path_tracer.exe,,,,,,False
checker_r3_on_reference,0.21674790000542998,scenes/bench_checker_on.json,diagnostic_build/bin/Release/dof_reference.exe,unmodified_renderer_headless,67.6017,,,,False
checker_r3_on_timing,0.20712030003778636,scenes/bench_checker_on.json,diagnostic_build/bin/Release/dof_timing.exe,cuda_event_instrumented,68.9911,7.754464082419872,13.738400000000002,19.218751907348633,False
checker_r3_off_app,1.1378180999890901,scenes/bench_checker_off.json,runtime/cis565_path_tracer.exe,,,,,,False
checker_r3_off_reference,0.2028021000442095,scenes/bench_checker_off.json,diagnostic_build/bin/Release/dof_reference.exe,unmodified_renderer_headless,57.4411,,,,False
checker_r3_off_timing,0.18995049997465685,scenes/bench_checker_off.json,diagnostic_build/bin/Release/dof_timing.exe,cuda_event_instrumented,57.4242,4.83728015050292,8.381,14.148159973323345,False
checker_r4_on_app,1.1211058999761008,scenes/bench_checker_on.json,runtime/cis565_path_tracer.exe,,,,,,False
checker_r4_on_reference,0.19977790000848472,scenes/bench_checker_on.json,diagnostic_build/bin/Release/dof_reference.exe,unmodified_renderer_headless,69.3583,,,,False
checker_r4_on_timing,0.21605950000230223,scenes/bench_checker_on.json,diagnostic_build/bin/Release/dof_timing.exe,cuda_event_instrumented,76.6099,8.625728040933609,12.857300000000006,24.737728014588356,False
checker_r4_off_app,1.1227869999711402,scenes/bench_checker_off.json,runtime/cis565_path_tracer.exe,,,,,,False
checker_r4_off_reference,0.20300409995252267,scenes/bench_checker_off.json,diagnostic_build/bin/Release/dof_reference.exe,unmodified_renderer_headless,63.8408,,,,False
checker_r4_off_timing,0.22339820000343025,scenes/bench_checker_off.json,diagnostic_build/bin/Release/dof_timing.exe,cuda_event_instrumented,63.808,5.4243518970906734,9.849800000000009,16.066816106438637,False
checker_r4_zero_app,1.1136465999879874,scenes/bench_checker_zero.json,runtime/cis565_path_tracer.exe,,,,,,False
checker_r4_zero_reference,0.20234869996784255,scenes/bench_checker_zero.json,diagnostic_build/bin/Release/dof_reference.exe,unmodified_renderer_headless,61.9884,,,,False
checker_r4_zero_timing,0.1978508000029251,scenes/bench_checker_zero.json,diagnostic_build/bin/Release/dof_timing.exe,cuda_event_instrumented,63.5163,5.363935895264149,9.565599999999998,16.022944137454033,False
checker_r5_on_app,1.1300908999983221,scenes/bench_checker_on.json,runtime/cis565_path_tracer.exe,,,,,,False
checker_r5_on_reference,0.22579710005084053,scenes/bench_checker_on.json,diagnostic_build/bin/Release/dof_reference.exe,unmodified_renderer_headless,67.6953,,,,False
checker_r5_on_timing,0.21461379999527708,scenes/bench_checker_on.json,diagnostic_build/bin/Release/dof_timing.exe,cuda_event_instrumented,77.1773,8.564800016582012,15.3956,23.055487915873528,False
checker_r5_zero_app,1.1050468999892473,scenes/bench_checker_zero.json,runtime/cis565_path_tracer.exe,,,,,,False
checker_r5_zero_reference,0.19124750001356006,scenes/bench_checker_zero.json,diagnostic_build/bin/Release/dof_reference.exe,unmodified_renderer_headless,58.1304,,,,False
checker_r5_zero_timing,0.2009459999972023,scenes/bench_checker_zero.json,diagnostic_build/bin/Release/dof_timing.exe,cuda_event_instrumented,63.067,6.296767875552177,9.038999999999998,17.005440160632133,False
checker_r5_off_app,1.1071741000050679,scenes/bench_checker_off.json,runtime/cis565_path_tracer.exe,,,,,,False
checker_r5_off_reference,0.20378829998662695,scenes/bench_checker_off.json,diagnostic_build/bin/Release/dof_reference.exe,unmodified_renderer_headless,58.9532,,,,False
checker_r5_off_timing,0.1980502000078559,scenes/bench_checker_off.json,diagnostic_build/bin/Release/dof_timing.exe,cuda_event_instrumented,63.5378,5.331039894372225,10.869299999999996,16.003296203911304,False
gallery_off_warmup,1.4750409999978729,scenes/bench_gallery_off.json,runtime/cis565_path_tracer.exe,,,,,,True
gallery_zero_warmup,1.3919490000116639,scenes/bench_gallery_zero.json,runtime/cis565_path_tracer.exe,,,,,,True
gallery_on_warmup,1.4363554000156,scenes/bench_gallery_on.json,runtime/cis565_path_tracer.exe,,,,,,True
gallery_r0_off_app,1.4058827999979258,scenes/bench_gallery_off.json,runtime/cis565_path_tracer.exe,,,,,,False
gallery_r0_off_reference,0.8418817999772727,scenes/bench_gallery_off.json,diagnostic_build/bin/Release/dof_reference.exe,unmodified_renderer_headless,631.8874,,,,False
gallery_r0_off_timing,0.8313926000264473,scenes/bench_gallery_off.json,diagnostic_build/bin/Release/dof_timing.exe,cuda_event_instrumented,628.5793,4.6633920930325985,6.684599999999997,497.2391041815281,False
gallery_r0_zero_app,1.3851815999951214,scenes/bench_gallery_zero.json,runtime/cis565_path_tracer.exe,,,,,,False
gallery_r0_zero_reference,0.8789484999724664,scenes/bench_gallery_zero.json,diagnostic_build/bin/Release/dof_reference.exe,unmodified_renderer_headless,645.7164,,,,False
gallery_r0_zero_timing,0.834984400018584,scenes/bench_gallery_zero.json,diagnostic_build/bin/Release/dof_timing.exe,cuda_event_instrumented,631.4421,4.627296112477779,6.547399999999999,499.84899228811264,False
gallery_r0_on_app,1.38770200003637,scenes/bench_gallery_on.json,runtime/cis565_path_tracer.exe,,,,,,False
gallery_r0_on_reference,0.8567027000244707,scenes/bench_gallery_on.json,diagnostic_build/bin/Release/dof_reference.exe,unmodified_renderer_headless,643.3519,,,,False
gallery_r0_on_timing,0.8577618999988772,scenes/bench_gallery_on.json,diagnostic_build/bin/Release/dof_timing.exe,cuda_event_instrumented,642.5548,6.856223955750465,11.486100000000004,504.75337567925453,False
gallery_r1_off_app,1.3986220000078902,scenes/bench_gallery_off.json,runtime/cis565_path_tracer.exe,,,,,,False
gallery_r1_off_reference,0.8356837999890558,scenes/bench_gallery_off.json,diagnostic_build/bin/Release/dof_reference.exe,unmodified_renderer_headless,639.504,,,,False
gallery_r1_off_timing,0.8394474000087939,scenes/bench_gallery_off.json,diagnostic_build/bin/Release/dof_timing.exe,cuda_event_instrumented,630.5498,4.750816073268652,6.992300000000002,500.2412479519844,False
gallery_r1_on_app,1.4169549000216648,scenes/bench_gallery_on.json,runtime/cis565_path_tracer.exe,,,,,,False
gallery_r1_on_reference,0.8545678000082262,scenes/bench_gallery_on.json,diagnostic_build/bin/Release/dof_reference.exe,unmodified_renderer_headless,651.8973,,,,False
gallery_r1_on_timing,0.8727284000487998,scenes/bench_gallery_on.json,diagnostic_build/bin/Release/dof_timing.exe,cuda_event_instrumented,660.012,7.087711963802576,12.287600000000007,513.2388474941254,False
gallery_r1_zero_app,1.4041991000412963,scenes/bench_gallery_zero.json,runtime/cis565_path_tracer.exe,,,,,,False
gallery_r1_zero_reference,0.8403227000380866,scenes/bench_gallery_zero.json,diagnostic_build/bin/Release/dof_reference.exe,unmodified_renderer_headless,639.3092,,,,False
gallery_r1_zero_timing,0.8286156000103801,scenes/bench_gallery_zero.json,diagnostic_build/bin/Release/dof_timing.exe,cuda_event_instrumented,625.0774,4.819936115294695,6.987800000000002,493.97356805205345,False
gallery_r2_zero_app,1.3958294999902137,scenes/bench_gallery_zero.json,runtime/cis565_path_tracer.exe,,,,,,False
gallery_r2_zero_reference,0.8535392999765463,scenes/bench_gallery_zero.json,diagnostic_build/bin/Release/dof_reference.exe,unmodified_renderer_headless,649.4425,,,,False
gallery_r2_zero_timing,0.828301300003659,scenes/bench_gallery_zero.json,diagnostic_build/bin/Release/dof_timing.exe,cuda_event_instrumented,629.9444,4.940928108990192,7.008999999999999,495.9784325957298,False
gallery_r2_off_app,1.3998522000038065,scenes/bench_gallery_off.json,runtime/cis565_path_tracer.exe,,,,,,False
gallery_r2_off_reference,0.843146400002297,scenes/bench_gallery_off.json,diagnostic_build/bin/Release/dof_reference.exe,unmodified_renderer_headless,635.1615,,,,False
gallery_r2_off_timing,0.8446760000078939,scenes/bench_gallery_off.json,diagnostic_build/bin/Release/dof_timing.exe,cuda_event_instrumented,633.4519,4.619552105665207,7.028100000000001,496.8881918489933,False
gallery_r2_on_app,1.4180018999613822,scenes/bench_gallery_on.json,runtime/cis565_path_tracer.exe,,,,,,False
gallery_r2_on_reference,0.8463242999860086,scenes/bench_gallery_on.json,diagnostic_build/bin/Release/dof_reference.exe,unmodified_renderer_headless,641.1747,,,,False
gallery_r2_on_timing,0.8484938999754377,scenes/bench_gallery_on.json,diagnostic_build/bin/Release/dof_timing.exe,cuda_event_instrumented,644.2622,6.8856959491968155,11.180000000000001,503.1473605334759,False
gallery_r3_zero_app,1.3880266000051051,scenes/bench_gallery_zero.json,runtime/cis565_path_tracer.exe,,,,,,False
gallery_r3_zero_reference,0.8364898000145331,scenes/bench_gallery_zero.json,diagnostic_build/bin/Release/dof_reference.exe,unmodified_renderer_headless,635.0922,,,,False
gallery_r3_zero_timing,0.8570451000123285,scenes/bench_gallery_zero.json,diagnostic_build/bin/Release/dof_timing.exe,cuda_event_instrumented,655.9878,4.888000093400478,7.701199999999998,504.3535993695259,False
gallery_r3_on_app,1.3847904999856837,scenes/bench_gallery_on.json,runtime/cis565_path_tracer.exe,,,,,,False
gallery_r3_on_reference,0.8534247999778017,scenes/bench_gallery_on.json,diagnostic_build/bin/Release/dof_reference.exe,unmodified_renderer_headless,642.8446,,,,False
gallery_r3_on_timing,0.840518000011798,scenes/bench_gallery_on.json,diagnostic_build/bin/Release/dof_timing.exe,cuda_event_instrumented,634.8152,7.083487942814827,11.9151,501.35993534326553,False
gallery_r3_off_app,1.4599285000003874,scenes/bench_gallery_off.json,runtime/cis565_path_tracer.exe,,,,,,False
gallery_r3_off_reference,0.861286100000143,scenes/bench_gallery_off.json,diagnostic_build/bin/Release/dof_reference.exe,unmodified_renderer_headless,646.2575,,,,False
gallery_r3_off_timing,0.8747530999826267,scenes/bench_gallery_off.json,diagnostic_build/bin/Release/dof_timing.exe,cuda_event_instrumented,630.9754,5.043552100658417,6.892300000000001,499.1368001103401,False
gallery_r4_on_app,1.420270700007677,scenes/bench_gallery_on.json,runtime/cis565_path_tracer.exe,,,,,,False
gallery_r4_on_reference,0.8524827999644913,scenes/bench_gallery_on.json,diagnostic_build/bin/Release/dof_reference.exe,unmodified_renderer_headless,639.7282,,,,False
gallery_r4_on_timing,0.8538486000034027,scenes/bench_gallery_on.json,diagnostic_build/bin/Release/dof_timing.exe,cuda_event_instrumented,644.2311,6.962271966040134,11.634100000000002,501.89990440011024,False
gallery_r4_off_app,1.4585082999547012,scenes/bench_gallery_off.json,runtime/cis565_path_tracer.exe,,,,,,False
gallery_r4_off_reference,0.8546709000365809,scenes/bench_gallery_off.json,diagnostic_build/bin/Release/dof_reference.exe,unmodified_renderer_headless,642.0129,,,,False
gallery_r4_off_timing,0.8491589999757707,scenes/bench_gallery_off.json,diagnostic_build/bin/Release/dof_timing.exe,cuda_event_instrumented,635.443,4.728000078350306,7.377599999999999,498.7081598341465,False
gallery_r4_zero_app,1.3818647000007331,scenes/bench_gallery_zero.json,runtime/cis565_path_tracer.exe,,,,,,False
gallery_r4_zero_reference,0.8393781000049785,scenes/bench_gallery_zero.json,diagnostic_build/bin/Release/dof_reference.exe,unmodified_renderer_headless,635.2691,,,,False
gallery_r4_zero_timing,0.8535463000298478,scenes/bench_gallery_zero.json,diagnostic_build/bin/Release/dof_timing.exe,cuda_event_instrumented,652.7861,4.8126080930233,7.688999999999998,506.1399680376053,False
gallery_r5_on_app,1.3801230000099167,scenes/bench_gallery_on.json,runtime/cis565_path_tracer.exe,,,,,,False
gallery_r5_on_reference,0.8521224999567494,scenes/bench_gallery_on.json,diagnostic_build/bin/Release/dof_reference.exe,unmodified_renderer_headless,651.0505,,,,False
gallery_r5_on_timing,0.843374699994456,scenes/bench_gallery_on.json,diagnostic_build/bin/Release/dof_timing.exe,cuda_event_instrumented,640.8926,6.923839956521988,11.125499999999999,502.3851839900017,False
gallery_r5_zero_app,1.3967015000525862,scenes/bench_gallery_zero.json,runtime/cis565_path_tracer.exe,,,,,,False
gallery_r5_zero_reference,0.8587453999789432,scenes/bench_gallery_zero.json,diagnostic_build/bin/Release/dof_reference.exe,unmodified_renderer_headless,648.7984,,,,False
gallery_r5_zero_timing,0.8293832000344992,scenes/bench_gallery_zero.json,diagnostic_build/bin/Release/dof_timing.exe,cuda_event_instrumented,626.3898,4.531616061925888,6.586199999999999,496.0888321697712,False
gallery_r5_off_app,1.483185599965509,scenes/bench_gallery_off.json,runtime/cis565_path_tracer.exe,,,,,,False
gallery_r5_off_reference,0.8440917999832891,scenes/bench_gallery_off.json,diagnostic_build/bin/Release/dof_reference.exe,unmodified_renderer_headless,623.9316,,,,False
gallery_r5_off_timing,0.8434058999991976,scenes/bench_gallery_off.json,diagnostic_build/bin/Release/dof_timing.exe,cuda_event_instrumented,637.3619,4.934560105204582,7.223099999999999,500.2069763839245,False
