round,order_in_round,mode,render_loop_ms,wall_seconds,scene_load_ms,bvh_build_ms,initialization_ms,object_build_ms,object_acceleration_bytes,binary_sha256,png_exact,hdr_exact,f32_exact,gpu_before,gpu_after,archival_capture
1,1,previous,5563.6554,7.592506199995114,872.7189,126.53339999999999,23.0763,0,0,535d0bdb027aac32734510cf62cb00bb465eb322dcc8ccbc5d968392713bfa18,True,True,True,"55, 210, 405, 3.95, 5","66, 2580, 8001, 55.26, 99",stage_records/21_object_acceleration_2026-09-29/runs/benchmark_r1_previous.json
1,2,none,5558.532,7.46172359999764,827.5476,108.89680000000001,25.0318,0.0,0,9b2b08ba1df236ef78d185e3e05d0d2f9de7ad1d067e29c8580b0450f64af779,True,True,True,"66, 2580, 8001, 55.26, 99","67, 2580, 8001, 55.65, 99",stage_records/21_object_acceleration_2026-09-29/runs/benchmark_r1_none.json
1,3,aabb,5548.1255,7.472661400002835,838.6037,110.1514,25.1977,0.0449,512,9b2b08ba1df236ef78d185e3e05d0d2f9de7ad1d067e29c8580b0450f64af779,True,True,True,"67, 2580, 8001, 55.65, 99","68, 2580, 8001, 55.26, 99",stage_records/21_object_acceleration_2026-09-29/runs/benchmark_r1_aabb.json
1,4,tlas,6964.8629,9.109004099998856,855.0422,110.69380000000001,23.6837,0.0395,1568,9b2b08ba1df236ef78d185e3e05d0d2f9de7ad1d067e29c8580b0450f64af779,True,True,True,"63, 2580, 8001, 48.87, 1","66, 2580, 8001, 51.12, 2",stage_records/21_object_acceleration_2026-09-29/runs/benchmark_r1_tlas.json
2,1,none,5553.2984,7.535648500001116,902.5259,111.64869999999998,25.8841,0.0,0,9b2b08ba1df236ef78d185e3e05d0d2f9de7ad1d067e29c8580b0450f64af779,True,True,True,"66, 2580, 8001, 51.12, 2","71, 2580, 8001, 56.81, 99",stage_records/21_object_acceleration_2026-09-29/runs/benchmark_r2_none.json
2,2,aabb,5543.7104,7.4605903000046965,841.5541,109.1842,24.5729,0.0397,512,9b2b08ba1df236ef78d185e3e05d0d2f9de7ad1d067e29c8580b0450f64af779,True,True,True,"71, 2580, 8001, 56.81, 99","71, 2580, 8001, 56.39, 99",stage_records/21_object_acceleration_2026-09-29/runs/benchmark_r2_aabb.json
2,3,tlas,6968.7214,9.060302999998385,840.9711,109.28459999999998,23.7461,0.0402,1568,9b2b08ba1df236ef78d185e3e05d0d2f9de7ad1d067e29c8580b0450f64af779,True,True,True,"71, 2580, 8001, 56.39, 99","68, 2580, 8001, 50.21, 1",stage_records/21_object_acceleration_2026-09-29/runs/benchmark_r2_tlas.json
2,4,previous,5586.6284,7.539127600000938,848.12,109.51140000000001,23.9691,0,0,535d0bdb027aac32734510cf62cb00bb465eb322dcc8ccbc5d968392713bfa18,True,True,True,"68, 2580, 8001, 50.21, 1","70, 2580, 8001, 47.31, 8",stage_records/21_object_acceleration_2026-09-29/runs/benchmark_r2_previous.json
3,1,aabb,5552.4327,7.4864690999966115,862.943,110.9969,24.048,0.0487,512,9b2b08ba1df236ef78d185e3e05d0d2f9de7ad1d067e29c8580b0450f64af779,True,True,True,"70, 2580, 8001, 47.31, 8","72, 2580, 8001, 56.89, 99",stage_records/21_object_acceleration_2026-09-29/runs/benchmark_r3_aabb.json
3,2,tlas,6961.043,9.065399300001445,843.9398,107.69020000000002,24.8425,0.0414,1568,9b2b08ba1df236ef78d185e3e05d0d2f9de7ad1d067e29c8580b0450f64af779,True,True,True,"72, 2580, 8001, 56.89, 99","72, 2580, 8001, 55.78, 99",stage_records/21_object_acceleration_2026-09-29/runs/benchmark_r3_tlas.json
3,3,previous,5559.2464,7.478656500003126,845.1155,108.77559999999997,24.6762,0,0,535d0bdb027aac32734510cf62cb00bb465eb322dcc8ccbc5d968392713bfa18,True,True,True,"68, 2580, 8001, 47.29, 1","68, 2580, 8001, 51.48, 1",stage_records/21_object_acceleration_2026-09-29/runs/benchmark_r3_previous.json
3,4,none,5560.2885,7.480488999994122,845.7668,109.2304,23.5851,0.0,0,9b2b08ba1df236ef78d185e3e05d0d2f9de7ad1d067e29c8580b0450f64af779,True,True,True,"68, 2580, 8001, 51.48, 1","70, 2580, 8001, 54.11, 2",stage_records/21_object_acceleration_2026-09-29/runs/benchmark_r3_none.json
4,1,tlas,6968.7607,9.07091479999508,839.7799,109.4551,24.2022,0.0433,1568,9b2b08ba1df236ef78d185e3e05d0d2f9de7ad1d067e29c8580b0450f64af779,True,True,True,"70, 2580, 8001, 54.11, 2","73, 2580, 8001, 56.01, 99",stage_records/21_object_acceleration_2026-09-29/runs/benchmark_r4_tlas.json
4,2,previous,5558.0716,7.497316399996635,851.6823,110.4838,23.6429,0,0,535d0bdb027aac32734510cf62cb00bb465eb322dcc8ccbc5d968392713bfa18,True,True,True,"73, 2580, 8001, 56.01, 99","73, 2580, 8001, 57.87, 99",stage_records/21_object_acceleration_2026-09-29/runs/benchmark_r4_previous.json
4,3,none,5555.1207,7.472471599998244,841.0808,112.6298,23.8042,0.0,0,9b2b08ba1df236ef78d185e3e05d0d2f9de7ad1d067e29c8580b0450f64af779,True,True,True,"73, 2580, 8001, 57.87, 99","73, 2580, 8001, 58.01, 99",stage_records/21_object_acceleration_2026-09-29/runs/benchmark_r4_none.json
4,4,aabb,5553.4064,7.4634857999990345,834.8244,109.10379999999999,24.7243,0.0415,512,9b2b08ba1df236ef78d185e3e05d0d2f9de7ad1d067e29c8580b0450f64af779,True,True,True,"68, 2580, 8001, 50.67, 1","69, 2580, 8001, 52.14, 1",stage_records/21_object_acceleration_2026-09-29/runs/benchmark_r4_aabb.json
5,1,previous,5550.3865,7.474836100001994,844.5749,107.8648,25.4477,0,0,535d0bdb027aac32734510cf62cb00bb465eb322dcc8ccbc5d968392713bfa18,True,True,True,"69, 2580, 8001, 52.14, 1","69, 2580, 8001, 55.55, 16",stage_records/21_object_acceleration_2026-09-29/runs/benchmark_r5_previous.json
5,2,none,5562.8894,7.488144999995711,846.231,108.45609999999998,25.1115,0.0,0,9b2b08ba1df236ef78d185e3e05d0d2f9de7ad1d067e29c8580b0450f64af779,True,True,True,"69, 2580, 8001, 55.55, 16","73, 2580, 8001, 58.14, 99",stage_records/21_object_acceleration_2026-09-29/runs/benchmark_r5_none.json
5,3,aabb,5863.3834,7.780778200001805,843.3553,109.74580000000002,26.5864,0.0451,512,9b2b08ba1df236ef78d185e3e05d0d2f9de7ad1d067e29c8580b0450f64af779,True,True,True,"73, 2580, 8001, 58.14, 99","70, 2580, 8001, 30.33, 15",stage_records/21_object_acceleration_2026-09-29/runs/benchmark_r5_aabb.json
5,4,tlas,6985.4428,9.088640900001337,847.3011,110.04759999999997,26.5518,0.0441,1568,9b2b08ba1df236ef78d185e3e05d0d2f9de7ad1d067e29c8580b0450f64af779,True,True,True,"70, 2580, 8001, 30.33, 15","74, 2565, 8001, 56.22, 99",stage_records/21_object_acceleration_2026-09-29/runs/benchmark_r5_tlas.json
6,1,none,5610.5138,7.532385099999374,843.6832,110.0319,26.9959,0.0,0,9b2b08ba1df236ef78d185e3e05d0d2f9de7ad1d067e29c8580b0450f64af779,True,True,True,"74, 2565, 8001, 56.22, 99","74, 2565, 8001, 58.15, 99",stage_records/21_object_acceleration_2026-09-29/runs/benchmark_r6_none.json
6,2,aabb,5581.1276,7.505689599995094,851.3442,110.0137,25.4721,0.0393,512,9b2b08ba1df236ef78d185e3e05d0d2f9de7ad1d067e29c8580b0450f64af779,True,True,True,"69, 2565, 8001, 49.58, 3","70, 2565, 8001, 53.62, 2",stage_records/21_object_acceleration_2026-09-29/runs/benchmark_r6_aabb.json
6,3,tlas,7025.6899,9.125319699996908,850.0614,109.98130000000003,24.0788,0.0383,1568,9b2b08ba1df236ef78d185e3e05d0d2f9de7ad1d067e29c8580b0450f64af779,True,True,True,"70, 2565, 8001, 53.62, 2","74, 2565, 8001, 56.18, 99",stage_records/21_object_acceleration_2026-09-29/runs/benchmark_r6_tlas.json
6,4,previous,5614.7,7.55942209999921,855.0102,110.56410000000001,23.6924,0,0,535d0bdb027aac32734510cf62cb00bb465eb322dcc8ccbc5d968392713bfa18,True,True,True,"74, 2565, 8001, 56.18, 99","74, 2565, 8001, 57.97, 99",stage_records/21_object_acceleration_2026-09-29/runs/benchmark_r6_previous.json
7,1,aabb,5582.0696,7.512185100000352,855.753,109.10990000000001,24.8029,0.042,512,9b2b08ba1df236ef78d185e3e05d0d2f9de7ad1d067e29c8580b0450f64af779,True,True,True,"69, 2565, 8001, 50.68, 1","69, 2565, 8001, 53.20, 2",stage_records/21_object_acceleration_2026-09-29/runs/benchmark_r7_aabb.json
7,2,tlas,7011.2432,9.0948611000058,840.8493,110.12169999999998,24.0737,0.0388,1568,9b2b08ba1df236ef78d185e3e05d0d2f9de7ad1d067e29c8580b0450f64af779,True,True,True,"69, 2565, 8001, 53.20, 2","73, 2565, 8001, 55.99, 99",stage_records/21_object_acceleration_2026-09-29/runs/benchmark_r7_tlas.json
7,3,previous,5614.6262,7.5515789999990375,857.8177,112.26089999999998,24.6345,0,0,535d0bdb027aac32734510cf62cb00bb465eb322dcc8ccbc5d968392713bfa18,True,True,True,"73, 2565, 8001, 55.99, 99","74, 2565, 8001, 57.57, 99",stage_records/21_object_acceleration_2026-09-29/runs/benchmark_r7_previous.json
7,4,none,5589.0823,7.525162100006128,856.4732,109.65209999999999,24.5572,0.0,0,9b2b08ba1df236ef78d185e3e05d0d2f9de7ad1d067e29c8580b0450f64af779,True,True,True,"68, 2565, 8001, 50.79, 2","69, 2580, 8001, 53.59, 1",stage_records/21_object_acceleration_2026-09-29/runs/benchmark_r7_none.json
8,1,tlas,6978.3394,9.08500880000065,862.995,109.87840000000001,24.3503,0.0424,1568,9b2b08ba1df236ef78d185e3e05d0d2f9de7ad1d067e29c8580b0450f64af779,True,True,True,"69, 2580, 8001, 53.59, 1","73, 2580, 8001, 56.12, 99",stage_records/21_object_acceleration_2026-09-29/runs/benchmark_r8_tlas.json
8,2,previous,5577.831,7.5037779999984195,852.3948,108.78529999999999,24.4538,0,0,535d0bdb027aac32734510cf62cb00bb465eb322dcc8ccbc5d968392713bfa18,True,True,True,"73, 2580, 8001, 56.12, 99","74, 2580, 8001, 57.78, 99",stage_records/21_object_acceleration_2026-09-29/runs/benchmark_r8_previous.json
8,3,none,5606.0498,7.528743399998348,847.7491,112.99949999999998,23.9677,0.0,0,9b2b08ba1df236ef78d185e3e05d0d2f9de7ad1d067e29c8580b0450f64af779,True,True,True,"74, 2580, 8001, 57.78, 99","69, 2580, 8001, 52.09, 1",stage_records/21_object_acceleration_2026-09-29/runs/benchmark_r8_none.json
8,4,aabb,5593.3431,7.521117600001162,846.4409,109.5534,25.4694,0.0488,512,9b2b08ba1df236ef78d185e3e05d0d2f9de7ad1d067e29c8580b0450f64af779,True,True,True,"69, 2580, 8001, 52.09, 1","70, 2580, 8001, 52.76, 58",stage_records/21_object_acceleration_2026-09-29/runs/benchmark_r8_aabb.json
