round,position,mode,render_loop_ms,whole_process_seconds,image_readbacks,image_readback_bytes,gpu_state_before,gpu_state_after,png_byte_identical,hdr_byte_identical,float32_byte_identical
1,1,original,16800.0586,20.064034099999844,,,"59, 210, 405, 4.00, 22","71, 2580, 8001, 54.52, 100",True,True,True
1,2,compatibility,16745.9725,19.948393399999986,64,737280000,"71, 2580, 8001, 54.52, 100","73, 2580, 8001, 55.19, 100",True,True,True
1,3,scheduling,16645.2991,19.851063000000067,1,11520000,"73, 2580, 8001, 55.19, 100","73, 2580, 8001, 55.53, 100",True,True,True
1,4,distance_only,15647.8276,18.719635400000698,64,737280000,"73, 2580, 8001, 55.53, 100","69, 2580, 8001, 53.82, 41",True,True,True
1,5,optimized,15563.1494,18.616201799999544,1,11520000,"69, 2580, 8001, 53.82, 41","74, 2580, 8001, 56.11, 99",True,True,True
2,1,compatibility,16772.825,19.971689799998785,64,737280000,"74, 2580, 8001, 56.11, 99","69, 2580, 8001, 49.70, 3",True,True,True
2,2,scheduling,16676.0467,19.862162699999317,1,11520000,"69, 2580, 8001, 49.70, 3","69, 2580, 8001, 49.49, 3",True,True,True
2,3,distance_only,15669.3972,18.782094199999847,64,737280000,"69, 2580, 8001, 49.49, 3","75, 2580, 8001, 55.25, 100",True,True,True
2,4,optimized,15662.159,18.763856999999916,1,11520000,"75, 2580, 8001, 55.25, 100","75, 2565, 8001, 56.44, 100",True,True,True
2,5,original,16901.939,20.149413899998763,,,"75, 2565, 8001, 56.44, 100","70, 2580, 8001, 48.93, 1",True,True,True
3,1,scheduling,16722.8472,19.963733099999445,1,11520000,"70, 2580, 8001, 48.93, 1","72, 2565, 8001, 29.37, 1",True,True,True
3,2,distance_only,15762.4238,18.90572280000015,64,737280000,"72, 2565, 8001, 29.37, 1","72, 2565, 8001, 51.99, 1",True,True,True
3,3,optimized,15640.7683,18.731510499999786,1,11520000,"72, 2565, 8001, 51.99, 1","75, 2565, 8001, 56.76, 99",True,True,True
3,4,original,16880.846,20.11380300000019,,,"70, 2580, 8001, 48.52, 3","71, 2565, 8001, 54.35, 31",True,True,True
3,5,compatibility,17168.4129,20.455351299999165,64,737280000,"71, 2565, 8001, 54.35, 31","73, 2565, 8001, 56.23, 98",True,True,True
4,1,distance_only,15739.076,18.85242620000099,64,737280000,"73, 2565, 8001, 56.23, 98","72, 2565, 8001, 55.45, 90",True,True,True
4,2,optimized,15599.6367,18.671983199999886,1,11520000,"72, 2565, 8001, 55.45, 90","70, 2565, 8001, 49.85, 1",True,True,True
4,3,original,16873.1056,20.103471999998874,,,"70, 2565, 8001, 49.85, 1","74, 2565, 8001, 55.93, 100",True,True,True
4,4,compatibility,16851.2247,20.14085690000138,64,737280000,"74, 2565, 8001, 55.93, 100","69, 2580, 8001, 50.28, 1",True,True,True
4,5,scheduling,16715.0645,19.929270000000542,1,11520000,"69, 2580, 8001, 50.28, 1","69, 2580, 8001, 49.20, 1",True,True,True
5,1,optimized,15896.0093,18.980760800001008,1,11520000,"69, 2580, 8001, 49.20, 1","70, 2565, 8001, 53.97, 25",True,True,True
5,2,original,16855.6035,20.078069099999993,,,"70, 2565, 8001, 53.97, 25","74, 2565, 8001, 55.91, 100",True,True,True
5,3,compatibility,16829.57,20.053011800000604,64,737280000,"74, 2565, 8001, 55.91, 100","69, 2580, 8001, 25.47, 1",True,True,True
5,4,scheduling,16734.3717,19.946837899999082,1,11520000,"69, 2580, 8001, 25.47, 1","70, 2580, 8001, 27.59, 1",True,True,True
5,5,distance_only,15710.1418,18.799948500000028,64,737280000,"70, 2580, 8001, 27.59, 1","74, 2565, 8001, 55.88, 99",True,True,True
