round,position,mode,render_loop_ms,scene_load_ms,initialization_ms,whole_process_seconds,gpu_before,gpu_after,reference_output,png_hdr_f32_byte_identical_to_reference
1,1,previous,5801.4379,803.7262,17.9951,7.7592975000006845,"62, 2580, 8001, 27.53, 41","64, 2580, 8001, 25.54, 1",previous,True
1,2,reference,7129.4623,808.767,17.7629,9.272379599999113,"64, 2580, 8001, 25.54, 1","70, 2580, 8001, 55.75, 99",corrected_reference,True
1,3,optimized,5878.3818,806.1643,17.7178,7.783702600001561,"70, 2580, 8001, 55.75, 99","70, 2580, 8001, 55.14, 91",corrected_reference,True
2,1,reference,7135.3078,803.4168,17.3651,9.190407900001446,"70, 2580, 8001, 55.14, 91","67, 2580, 8001, 51.33, 1",corrected_reference,True
2,2,optimized,5874.6119,802.3525,17.9386,7.769884600002115,"67, 2580, 8001, 51.33, 1","71, 2580, 8001, 55.78, 99",corrected_reference,True
2,3,previous,6101.8202,811.2704,18.4015,8.052235399998608,"66, 2580, 8001, 47.55, 2","67, 2580, 8001, 26.88, 8",previous,True
3,1,optimized,5882.5697,845.2779,17.0175,7.843968400000449,"67, 2580, 8001, 26.88, 8","68, 2580, 8001, 51.33, 1",corrected_reference,True
3,2,previous,5821.9168,821.2204,17.4334,7.748385499999131,"68, 2580, 8001, 51.33, 1","73, 2580, 8001, 57.01, 99",previous,True
3,3,reference,7144.441,800.849,17.8764,9.219929599999887,"67, 2580, 8001, 48.22, 1","73, 2580, 8001, 57.51, 99",corrected_reference,True
4,1,previous,5813.3501,831.6421,17.4518,7.7300171999995655,"73, 2580, 8001, 57.51, 99","69, 2580, 8001, 53.92, 1",previous,True
4,2,reference,7164.6731,813.7098,17.897,9.23950650000188,"69, 2580, 8001, 53.92, 1","74, 2580, 8001, 57.11, 99",corrected_reference,True
4,3,optimized,5910.5763,815.7279,18.2937,7.82435770000302,"68, 2580, 8001, 49.54, 1","73, 2580, 8001, 56.54, 99",corrected_reference,True
5,1,reference,7179.5179,815.4472,17.8925,9.260959200000798,"73, 2580, 8001, 56.54, 99","73, 2580, 8001, 57.49, 99",corrected_reference,True
5,2,optimized,5889.6813,813.6752,18.2428,7.801924299998063,"73, 2580, 8001, 57.49, 99","70, 2580, 8001, 55.12, 36",corrected_reference,True
5,3,previous,5822.8328,831.0482,18.9697,7.762513100002252,"70, 2580, 8001, 55.12, 36","69, 2580, 8001, 52.61, 1",previous,True
6,1,optimized,5886.7042,822.5648,18.5648,7.827448800002458,"69, 2580, 8001, 52.61, 1","74, 2580, 8001, 56.95, 99",corrected_reference,True
6,2,previous,5827.3661,840.1391,19.3199,7.769126499999402,"69, 2580, 8001, 30.92, 1","75, 2580, 8001, 57.87, 99",previous,True
6,3,reference,7151.7525,822.0347,18.4045,9.245015199998306,"75, 2580, 8001, 57.87, 99","72, 2580, 8001, 47.12, 73",corrected_reference,True
