iteration,compaction,sorting,intersection_ms,keys_ms,sort_ms,shade_ms,compact_ms,case,run_id
1,0,0,15.297279954,0.0,0.0,2.878847986,0.0,open,diag_open_c0_s0_instrumented
2,0,0,12.341728091,0.0,0.0,2.429568067,0.0,open,diag_open_c0_s0_instrumented
3,0,0,13.356608152,0.0,0.0,2.315999955,0.0,open,diag_open_c0_s0_instrumented
4,0,0,11.995551944,0.0,0.0,2.258592039,0.0,open,diag_open_c0_s0_instrumented
5,0,0,12.309823751,0.0,0.0,2.298592001,0.0,open,diag_open_c0_s0_instrumented
6,0,0,12.760032058,0.0,0.0,2.451936021,0.0,open,diag_open_c0_s0_instrumented
7,0,0,13.112287998,0.0,0.0,2.396064013,0.0,open,diag_open_c0_s0_instrumented
8,0,0,12.195935965,0.0,0.0,2.269056037,0.0,open,diag_open_c0_s0_instrumented
9,0,0,13.01049614,0.0,0.0,2.449247986,0.0,open,diag_open_c0_s0_instrumented
10,0,0,12.52499187,0.0,0.0,2.316191986,0.0,open,diag_open_c0_s0_instrumented
11,0,0,13.482335925,0.0,0.0,2.463199973,0.0,open,diag_open_c0_s0_instrumented
12,0,0,11.971199989,0.0,0.0,2.242207989,0.0,open,diag_open_c0_s0_instrumented
13,0,0,12.683743954,0.0,0.0,2.444287956,0.0,open,diag_open_c0_s0_instrumented
14,0,0,13.391616106,0.0,0.0,2.372319996,0.0,open,diag_open_c0_s0_instrumented
15,0,0,13.435712099,0.0,0.0,2.406527981,0.0,open,diag_open_c0_s0_instrumented
16,0,0,12.914336085,0.0,0.0,2.334016025,0.0,open,diag_open_c0_s0_instrumented
17,0,0,13.058208108,0.0,0.0,2.301472008,0.0,open,diag_open_c0_s0_instrumented
18,0,0,13.395615816,0.0,0.0,2.330304027,0.0,open,diag_open_c0_s0_instrumented
19,0,0,11.999584079,0.0,0.0,2.49865596,0.0,open,diag_open_c0_s0_instrumented
20,0,0,12.366143942,0.0,0.0,2.332256019,0.0,open,diag_open_c0_s0_instrumented
21,0,0,13.033151984,0.0,0.0,2.314016014,0.0,open,diag_open_c0_s0_instrumented
22,0,0,13.52895987,0.0,0.0,2.252511993,0.0,open,diag_open_c0_s0_instrumented
23,0,0,12.400735974,0.0,0.0,2.281599984,0.0,open,diag_open_c0_s0_instrumented
24,0,0,12.351199865,0.0,0.0,2.443456024,0.0,open,diag_open_c0_s0_instrumented
25,0,0,13.578688025,0.0,0.0,2.328927964,0.0,open,diag_open_c0_s0_instrumented
26,0,0,12.709248066,0.0,0.0,2.419071943,0.0,open,diag_open_c0_s0_instrumented
27,0,0,13.582688093,0.0,0.0,2.322943985,0.0,open,diag_open_c0_s0_instrumented
28,0,0,12.317088008,0.0,0.0,2.238911986,0.0,open,diag_open_c0_s0_instrumented
29,0,0,12.351007938,0.0,0.0,2.307199985,0.0,open,diag_open_c0_s0_instrumented
30,0,0,12.361631989,0.0,0.0,2.26745598,0.0,open,diag_open_c0_s0_instrumented
31,0,0,12.572256088,0.0,0.0,2.383743972,0.0,open,diag_open_c0_s0_instrumented
32,0,0,12.330624104,0.0,0.0,2.319808006,0.0,open,diag_open_c0_s0_instrumented
33,0,0,12.218784094,0.0,0.0,2.238463998,0.0,open,diag_open_c0_s0_instrumented
34,0,0,12.39667201,0.0,0.0,2.342047989,0.0,open,diag_open_c0_s0_instrumented
35,0,0,12.688735962,0.0,0.0,2.245215952,0.0,open,diag_open_c0_s0_instrumented
36,0,0,13.060224056,0.0,0.0,2.40832004,0.0,open,diag_open_c0_s0_instrumented
37,0,0,12.359935999,0.0,0.0,2.242784008,0.0,open,diag_open_c0_s0_instrumented
38,0,0,12.36630404,0.0,0.0,2.419200003,0.0,open,diag_open_c0_s0_instrumented
39,0,0,12.332800031,0.0,0.0,2.222399995,0.0,open,diag_open_c0_s0_instrumented
40,0,0,12.60601604,0.0,0.0,2.307680026,0.0,open,diag_open_c0_s0_instrumented
41,0,0,12.326848149,0.0,0.0,2.28512001,0.0,open,diag_open_c0_s0_instrumented
42,0,0,12.830816031,0.0,0.0,2.328000009,0.0,open,diag_open_c0_s0_instrumented
43,0,0,12.348544002,0.0,0.0,2.255231991,0.0,open,diag_open_c0_s0_instrumented
44,0,0,12.880479932,0.0,0.0,2.344415963,0.0,open,diag_open_c0_s0_instrumented
45,0,0,12.540384054,0.0,0.0,2.25900799,0.0,open,diag_open_c0_s0_instrumented
46,0,0,12.421856046,0.0,0.0,2.317984,0.0,open,diag_open_c0_s0_instrumented
47,0,0,12.642016053,0.0,0.0,2.368479967,0.0,open,diag_open_c0_s0_instrumented
48,0,0,13.551455855,0.0,0.0,2.347903997,0.0,open,diag_open_c0_s0_instrumented
49,0,0,12.967743993,0.0,0.0,2.463424012,0.0,open,diag_open_c0_s0_instrumented
50,0,0,12.426720023,0.0,0.0,2.267584011,0.0,open,diag_open_c0_s0_instrumented
51,0,0,11.975295901,0.0,0.0,2.252512068,0.0,open,diag_open_c0_s0_instrumented
52,0,0,12.432960153,0.0,0.0,2.236192003,0.0,open,diag_open_c0_s0_instrumented
53,0,0,12.568319917,0.0,0.0,2.301855966,0.0,open,diag_open_c0_s0_instrumented
54,0,0,12.498559952,0.0,0.0,2.364127979,0.0,open,diag_open_c0_s0_instrumented
55,0,0,12.630815983,0.0,0.0,2.351039991,0.0,open,diag_open_c0_s0_instrumented
56,0,0,12.903807998,0.0,0.0,2.377407998,0.0,open,diag_open_c0_s0_instrumented
57,0,0,12.813920021,0.0,0.0,2.290975988,0.0,open,diag_open_c0_s0_instrumented
58,0,0,12.632543921,0.0,0.0,2.30796802,0.0,open,diag_open_c0_s0_instrumented
59,0,0,12.960767984,0.0,0.0,2.292288035,0.0,open,diag_open_c0_s0_instrumented
60,0,0,11.990431905,0.0,0.0,2.377471954,0.0,open,diag_open_c0_s0_instrumented
61,0,0,12.36915195,0.0,0.0,2.242144018,0.0,open,diag_open_c0_s0_instrumented
62,0,0,12.964704156,0.0,0.0,2.257952034,0.0,open,diag_open_c0_s0_instrumented
63,0,0,12.241343975,0.0,0.0,2.267456055,0.0,open,diag_open_c0_s0_instrumented
64,0,0,13.081408024,0.0,0.0,2.25212799,0.0,open,diag_open_c0_s0_instrumented
65,0,0,12.365823984,0.0,0.0,2.307456017,0.0,open,diag_open_c0_s0_instrumented
66,0,0,12.876416087,0.0,0.0,2.549055994,0.0,open,diag_open_c0_s0_instrumented
67,0,0,12.792416096,0.0,0.0,2.295808002,0.0,open,diag_open_c0_s0_instrumented
68,0,0,12.399199963,0.0,0.0,2.262463987,0.0,open,diag_open_c0_s0_instrumented
69,0,0,12.816127896,0.0,0.0,2.252351984,0.0,open,diag_open_c0_s0_instrumented
70,0,0,11.96124804,0.0,0.0,2.252831995,0.0,open,diag_open_c0_s0_instrumented
71,0,0,12.958688021,0.0,0.0,2.289087981,0.0,open,diag_open_c0_s0_instrumented
72,0,0,12.341695905,0.0,0.0,2.250816002,0.0,open,diag_open_c0_s0_instrumented
73,0,0,12.979072094,0.0,0.0,2.299807996,0.0,open,diag_open_c0_s0_instrumented
74,0,0,13.152480125,0.0,0.0,2.29683204,0.0,open,diag_open_c0_s0_instrumented
75,0,0,12.5884161,0.0,0.0,2.230176046,0.0,open,diag_open_c0_s0_instrumented
76,0,0,11.98963201,0.0,0.0,2.29222399,0.0,open,diag_open_c0_s0_instrumented
77,0,0,12.326080084,0.0,0.0,2.266783983,0.0,open,diag_open_c0_s0_instrumented
78,0,0,12.36659205,0.0,0.0,2.400832012,0.0,open,diag_open_c0_s0_instrumented
79,0,0,12.52908814,0.0,0.0,2.282976031,0.0,open,diag_open_c0_s0_instrumented
80,0,0,12.38278389,0.0,0.0,2.348735988,0.0,open,diag_open_c0_s0_instrumented
81,0,0,12.069440007,0.0,0.0,2.320671976,0.0,open,diag_open_c0_s0_instrumented
82,0,0,12.456799984,0.0,0.0,2.340704024,0.0,open,diag_open_c0_s0_instrumented
83,0,0,13.027712107,0.0,0.0,2.378176033,0.0,open,diag_open_c0_s0_instrumented
84,0,0,12.047264099,0.0,0.0,2.27398403,0.0,open,diag_open_c0_s0_instrumented
85,0,0,12.437183976,0.0,0.0,2.247744024,0.0,open,diag_open_c0_s0_instrumented
86,0,0,12.397504091,0.0,0.0,2.285055965,0.0,open,diag_open_c0_s0_instrumented
87,0,0,12.653792024,0.0,0.0,2.272671968,0.0,open,diag_open_c0_s0_instrumented
88,0,0,12.041791916,0.0,0.0,2.336384028,0.0,open,diag_open_c0_s0_instrumented
89,0,0,13.101696014,0.0,0.0,2.333760008,0.0,open,diag_open_c0_s0_instrumented
90,0,0,12.428416014,0.0,0.0,2.298079997,0.0,open,diag_open_c0_s0_instrumented
91,0,0,12.398879886,0.0,0.0,2.34543997,0.0,open,diag_open_c0_s0_instrumented
92,0,0,12.563328147,0.0,0.0,2.288288057,0.0,open,diag_open_c0_s0_instrumented
93,0,0,12.600799918,0.0,0.0,2.454783946,0.0,open,diag_open_c0_s0_instrumented
94,0,0,12.429280043,0.0,0.0,2.244224012,0.0,open,diag_open_c0_s0_instrumented
95,0,0,12.639711976,0.0,0.0,2.378272012,0.0,open,diag_open_c0_s0_instrumented
96,0,0,12.056543946,0.0,0.0,2.29676798,0.0,open,diag_open_c0_s0_instrumented
97,0,0,12.270239949,0.0,0.0,2.323359996,0.0,open,diag_open_c0_s0_instrumented
98,0,0,13.937087893,0.0,0.0,2.387968004,0.0,open,diag_open_c0_s0_instrumented
99,0,0,12.818080068,0.0,0.0,2.278016031,0.0,open,diag_open_c0_s0_instrumented
100,0,0,12.290624022,0.0,0.0,2.362080008,0.0,open,diag_open_c0_s0_instrumented
1,0,1,8.921856046,1.995392025,52.300127983,2.93868801,0.0,open,diag_open_c0_s1_instrumented
2,0,1,7.40051198,1.668607995,53.728223801,1.894719988,0.0,open,diag_open_c0_s1_instrumented
3,0,1,7.658080012,1.741471991,46.986688137,1.793632016,0.0,open,diag_open_c0_s1_instrumented
4,0,1,8.31663996,1.398336008,46.624576092,1.707103997,0.0,open,diag_open_c0_s1_instrumented
5,0,1,7.271327913,1.352640018,52.184000492,1.707551986,0.0,open,diag_open_c0_s1_instrumented
6,0,1,7.268479913,1.381119996,45.936128139,1.747199997,0.0,open,diag_open_c0_s1_instrumented
7,0,1,7.280384153,1.374719977,46.514303684,1.688991964,0.0,open,diag_open_c0_s1_instrumented
8,0,1,7.280992001,1.401600003,44.795647621,1.719872013,0.0,open,diag_open_c0_s1_instrumented
9,0,1,7.280256033,1.369599998,44.630176544,1.729119986,0.0,open,diag_open_c0_s1_instrumented
10,0,1,7.288832009,1.368928,44.93103981,1.684544012,0.0,open,diag_open_c0_s1_instrumented
11,0,1,7.888159961,1.420223996,44.63526392,1.686143979,0.0,open,diag_open_c0_s1_instrumented
12,0,1,7.29647997,1.37638399,44.756703854,1.676160008,0.0,open,diag_open_c0_s1_instrumented
13,0,1,7.486495912,1.362720013,44.7577281,1.681567997,0.0,open,diag_open_c0_s1_instrumented
14,0,1,7.27903986,1.417984009,48.457023144,1.698528022,0.0,open,diag_open_c0_s1_instrumented
15,0,1,7.267327875,1.387999982,46.224895954,1.716256008,0.0,open,diag_open_c0_s1_instrumented
16,0,1,7.334432006,1.393343985,46.484319687,1.678880036,0.0,open,diag_open_c0_s1_instrumented
17,0,1,7.300863892,1.449568033,45.385183334,1.739359975,0.0,open,diag_open_c0_s1_instrumented
18,0,1,7.46934396,1.367136016,44.702623844,1.681216016,0.0,open,diag_open_c0_s1_instrumented
19,0,1,7.282591969,1.379903987,45.5005126,1.707039997,0.0,open,diag_open_c0_s1_instrumented
20,0,1,7.646848023,1.412927985,45.382784367,1.673087984,0.0,open,diag_open_c0_s1_instrumented
21,0,1,7.629279971,1.461824015,44.866400242,1.677983999,0.0,open,diag_open_c0_s1_instrumented
22,0,1,7.273215979,1.396191999,45.345375538,1.699168012,0.0,open,diag_open_c0_s1_instrumented
23,0,1,7.279936075,1.426111981,45.209312439,1.697152004,0.0,open,diag_open_c0_s1_instrumented
24,0,1,7.301535994,1.435264006,46.219007969,1.686816022,0.0,open,diag_open_c0_s1_instrumented
25,0,1,7.621696115,1.351200014,46.417216301,1.709280014,0.0,open,diag_open_c0_s1_instrumented
26,0,1,7.497856081,1.321471989,44.635104179,1.698591992,0.0,open,diag_open_c0_s1_instrumented
27,0,1,7.290399969,1.46252799,44.696608067,1.660960019,0.0,open,diag_open_c0_s1_instrumented
28,0,1,7.640928149,1.428224012,45.197183609,1.687840015,0.0,open,diag_open_c0_s1_instrumented
29,0,1,7.290816039,1.387328014,45.515808105,1.711552009,0.0,open,diag_open_c0_s1_instrumented
30,0,1,7.314816058,1.392128006,45.155775547,1.695104018,0.0,open,diag_open_c0_s1_instrumented
31,0,1,7.27363205,1.411999986,45.953855991,1.678176001,0.0,open,diag_open_c0_s1_instrumented
32,0,1,7.299455941,1.416991979,45.35363245,1.735968009,0.0,open,diag_open_c0_s1_instrumented
33,0,1,7.484768093,1.367264003,45.961023808,1.683775991,0.0,open,diag_open_c0_s1_instrumented
34,0,1,7.283360034,1.365439996,51.464992523,1.68783997,0.0,open,diag_open_c0_s1_instrumented
35,0,1,7.293151945,1.375231981,45.256000996,1.682271987,0.0,open,diag_open_c0_s1_instrumented
36,0,1,7.313728064,1.360863984,44.794271946,1.686943993,0.0,open,diag_open_c0_s1_instrumented
37,0,1,7.31948787,1.382528007,45.166496754,1.696288005,0.0,open,diag_open_c0_s1_instrumented
38,0,1,7.293343991,1.392800018,47.02723217,1.709312007,0.0,open,diag_open_c0_s1_instrumented
39,0,1,7.277632087,1.356127977,45.582816124,1.702976003,0.0,open,diag_open_c0_s1_instrumented
40,0,1,7.285728008,1.391775995,44.942815304,1.763071984,0.0,open,diag_open_c0_s1_instrumented
41,0,1,7.283040136,1.395199999,44.717247963,1.745407999,0.0,open,diag_open_c0_s1_instrumented
42,0,1,7.692064077,1.375231996,45.786111832,1.706111997,0.0,open,diag_open_c0_s1_instrumented
43,0,1,7.306336164,1.434240028,44.427648544,1.696383983,0.0,open,diag_open_c0_s1_instrumented
44,0,1,7.291840076,1.354271993,45.337919235,1.688927993,0.0,open,diag_open_c0_s1_instrumented
45,0,1,7.634784013,1.426048011,45.047007084,1.703648001,0.0,open,diag_open_c0_s1_instrumented
46,0,1,7.263743967,1.406527981,45.188864708,1.69507201,0.0,open,diag_open_c0_s1_instrumented
47,0,1,7.685504138,1.385567993,45.394176006,1.702527985,0.0,open,diag_open_c0_s1_instrumented
48,0,1,7.475488037,1.367807984,45.989376068,1.77427201,0.0,open,diag_open_c0_s1_instrumented
49,0,1,7.283775985,1.436703965,44.84326458,1.667712003,0.0,open,diag_open_c0_s1_instrumented
50,0,1,7.675168008,1.361760005,45.900447845,1.964544028,0.0,open,diag_open_c0_s1_instrumented
51,0,1,7.302944064,1.346271977,45.733247757,1.699391976,0.0,open,diag_open_c0_s1_instrumented
52,0,1,7.283647954,1.344576001,45.674943924,1.720576003,0.0,open,diag_open_c0_s1_instrumented
53,0,1,7.727743924,1.404928014,49.671231747,1.701440006,0.0,open,diag_open_c0_s1_instrumented
54,0,1,7.268992156,1.392735988,46.263328075,1.771872029,0.0,open,diag_open_c0_s1_instrumented
55,0,1,7.265856087,1.455743998,45.945536137,1.727519989,0.0,open,diag_open_c0_s1_instrumented
56,0,1,7.316991985,1.415455997,59.396191597,1.670880005,0.0,open,diag_open_c0_s1_instrumented
57,0,1,7.32300815,1.488703996,46.013247967,1.664223999,0.0,open,diag_open_c0_s1_instrumented
58,0,1,7.740768045,1.394495994,44.898366928,1.702751994,0.0,open,diag_open_c0_s1_instrumented
59,0,1,7.767136037,1.388063997,45.371103764,1.683615997,0.0,open,diag_open_c0_s1_instrumented
60,0,1,7.837248117,1.404576004,47.248319626,1.74623999,0.0,open,diag_open_c0_s1_instrumented
61,0,1,7.298303902,1.411391988,44.251840115,1.696480021,0.0,open,diag_open_c0_s1_instrumented
62,0,1,7.303487927,1.465791985,44.721568108,1.692895979,0.0,open,diag_open_c0_s1_instrumented
63,0,1,7.456063867,1.408415988,48.311295509,1.684639975,0.0,open,diag_open_c0_s1_instrumented
64,0,1,7.27148816,1.376064003,44.714175224,1.667295977,0.0,open,diag_open_c0_s1_instrumented
65,0,1,7.473471969,1.401567996,45.377984047,1.682016015,0.0,open,diag_open_c0_s1_instrumented
66,0,1,7.541791975,1.451007992,43.83964777,1.682207987,0.0,open,diag_open_c0_s1_instrumented
67,0,1,7.782655984,1.429664001,47.233280659,1.715616018,0.0,open,diag_open_c0_s1_instrumented
68,0,1,7.291007996,1.429984003,44.765184402,1.686239973,0.0,open,diag_open_c0_s1_instrumented
69,0,1,7.291104078,1.425311983,44.438047886,1.693376005,0.0,open,diag_open_c0_s1_instrumented
70,0,1,7.279200017,1.407583982,44.353248119,1.701856002,0.0,open,diag_open_c0_s1_instrumented
71,0,1,7.262016028,1.423008025,44.681855679,1.654624015,0.0,open,diag_open_c0_s1_instrumented
72,0,1,7.698848009,1.400608003,44.557119846,1.684543982,0.0,open,diag_open_c0_s1_instrumented
73,0,1,7.652128011,1.358207986,43.963136673,1.666367993,0.0,open,diag_open_c0_s1_instrumented
74,0,1,7.507584065,1.393216014,45.096607685,1.651200011,0.0,open,diag_open_c0_s1_instrumented
75,0,1,7.29321605,1.431776017,44.136191845,1.676927999,0.0,open,diag_open_c0_s1_instrumented
76,0,1,7.294623911,1.377312005,44.03151989,1.702879995,0.0,open,diag_open_c0_s1_instrumented
77,0,1,7.285440028,1.391967997,45.056063652,1.659871981,0.0,open,diag_open_c0_s1_instrumented
78,0,1,7.310272008,1.445183992,45.794176579,1.702624008,0.0,open,diag_open_c0_s1_instrumented
79,0,1,7.252704024,1.356672004,44.196575642,1.651103988,0.0,open,diag_open_c0_s1_instrumented
80,0,1,7.253664106,1.403200001,45.109056473,1.648288012,0.0,open,diag_open_c0_s1_instrumented
81,0,1,7.266880035,1.391647995,44.440863609,1.685056001,0.0,open,diag_open_c0_s1_instrumented
82,0,1,7.24921608,1.403679997,43.877215862,1.658304006,0.0,open,diag_open_c0_s1_instrumented
83,0,1,7.709279895,1.375968009,44.223360538,1.710720003,0.0,open,diag_open_c0_s1_instrumented
84,0,1,7.257343948,1.366368011,44.553728104,1.659328029,0.0,open,diag_open_c0_s1_instrumented
85,0,1,7.286144018,1.410816014,44.693120003,1.67385599,0.0,open,diag_open_c0_s1_instrumented
86,0,1,7.262688041,1.479359999,44.766272068,1.658752009,0.0,open,diag_open_c0_s1_instrumented
87,0,1,7.68847999,1.366303995,44.281247616,1.695167989,0.0,open,diag_open_c0_s1_instrumented
88,0,1,7.656864107,1.371455982,45.399520397,1.708863974,0.0,open,diag_open_c0_s1_instrumented
89,0,1,7.289439976,1.37113598,45.266304016,1.709119976,0.0,open,diag_open_c0_s1_instrumented
90,0,1,7.307456017,1.408512011,45.147391796,1.68726404,0.0,open,diag_open_c0_s1_instrumented
91,0,1,7.492607951,1.437248006,47.710943699,1.681279987,0.0,open,diag_open_c0_s1_instrumented
92,0,1,7.715360045,1.377056003,45.272031784,1.687552005,0.0,open,diag_open_c0_s1_instrumented
93,0,1,7.284767985,1.37504001,44.750592709,1.678048015,0.0,open,diag_open_c0_s1_instrumented
94,0,1,7.242368013,1.421087995,47.129759789,1.687744036,0.0,open,diag_open_c0_s1_instrumented
95,0,1,7.339007914,1.437824026,44.850048065,1.669119999,0.0,open,diag_open_c0_s1_instrumented
96,0,1,7.283488095,1.415616006,45.312384605,1.723776013,0.0,open,diag_open_c0_s1_instrumented
97,0,1,7.282688111,1.378624007,45.267391682,1.716831982,0.0,open,diag_open_c0_s1_instrumented
98,0,1,7.276704043,1.423648015,44.462431908,1.812575996,0.0,open,diag_open_c0_s1_instrumented
99,0,1,7.274623841,1.390879989,44.386271954,1.649504006,0.0,open,diag_open_c0_s1_instrumented
100,0,1,7.822015941,1.372575983,45.006495476,1.696320012,0.0,open,diag_open_c0_s1_instrumented
1,1,0,8.585600078,0.0,0.0,2.802720055,1.84448,open,diag_open_c1_s0_instrumented
2,1,0,7.167551994,0.0,0.0,1.604544006,1.490719993,open,diag_open_c1_s0_instrumented
3,1,0,7.567871988,0.0,0.0,1.586943991,1.536895983,open,diag_open_c1_s0_instrumented
4,1,0,7.853632003,0.0,0.0,1.643104024,1.599551976,open,diag_open_c1_s0_instrumented
5,1,0,7.582783997,0.0,0.0,1.638655983,1.555168018,open,diag_open_c1_s0_instrumented
6,1,0,7.848576069,0.0,0.0,1.592927992,1.680960029,open,diag_open_c1_s0_instrumented
7,1,0,7.676704079,0.0,0.0,1.629632004,1.566111952,open,diag_open_c1_s0_instrumented
8,1,0,7.833888054,0.0,0.0,1.630144008,1.534112014,open,diag_open_c1_s0_instrumented
9,1,0,7.604191989,0.0,0.0,1.569312029,1.564224005,open,diag_open_c1_s0_instrumented
10,1,0,7.861791968,0.0,0.0,1.607104003,1.559967984,open,diag_open_c1_s0_instrumented
11,1,0,7.131296039,0.0,0.0,1.546176001,1.552608017,open,diag_open_c1_s0_instrumented
12,1,0,7.542528063,0.0,0.0,1.689311989,1.568960026,open,diag_open_c1_s0_instrumented
13,1,0,7.809440047,0.0,0.0,1.595200025,1.548319981,open,diag_open_c1_s0_instrumented
14,1,0,7.197663963,0.0,0.0,1.591391988,1.459936015,open,diag_open_c1_s0_instrumented
15,1,0,7.097599983,0.0,0.0,1.623424001,1.618560031,open,diag_open_c1_s0_instrumented
16,1,0,7.428288043,0.0,0.0,1.619935997,1.48361598,open,diag_open_c1_s0_instrumented
17,1,0,7.546879917,0.0,0.0,1.596895963,1.552096006,open,diag_open_c1_s0_instrumented
18,1,0,7.469055921,0.0,0.0,1.556864008,1.553887993,open,diag_open_c1_s0_instrumented
19,1,0,7.60559994,0.0,0.0,1.679360017,1.526687987,open,diag_open_c1_s0_instrumented
20,1,0,7.292991877,0.0,0.0,1.607711993,1.484896004,open,diag_open_c1_s0_instrumented
21,1,0,7.182975978,0.0,0.0,1.827072002,1.508543998,open,diag_open_c1_s0_instrumented
22,1,0,7.545823932,0.0,0.0,1.575839996,1.561440002,open,diag_open_c1_s0_instrumented
23,1,0,7.396640003,0.0,0.0,1.578815989,1.662240006,open,diag_open_c1_s0_instrumented
24,1,0,7.932479978,0.0,0.0,1.815104008,1.65734401,open,diag_open_c1_s0_instrumented
25,1,0,7.410623908,0.0,0.0,1.58051201,1.500479996,open,diag_open_c1_s0_instrumented
26,1,0,7.418368071,0.0,0.0,1.610463992,1.478464015,open,diag_open_c1_s0_instrumented
27,1,0,8.05123201,0.0,0.0,1.72236798,1.535007983,open,diag_open_c1_s0_instrumented
28,1,0,7.526080042,0.0,0.0,1.561792016,1.486560006,open,diag_open_c1_s0_instrumented
29,1,0,7.625664085,0.0,0.0,1.619167984,1.487551998,open,diag_open_c1_s0_instrumented
30,1,0,7.973503977,0.0,0.0,1.549856007,1.458719999,open,diag_open_c1_s0_instrumented
31,1,0,7.575520009,0.0,0.0,1.574240014,1.530144032,open,diag_open_c1_s0_instrumented
32,1,0,7.577888012,0.0,0.0,1.749791995,1.736352012,open,diag_open_c1_s0_instrumented
33,1,0,7.994335979,0.0,0.0,1.580768004,1.557984013,open,diag_open_c1_s0_instrumented
34,1,0,7.601824045,0.0,0.0,1.581471995,1.485280007,open,diag_open_c1_s0_instrumented
35,1,0,7.62035197,0.0,0.0,1.631103992,1.443295982,open,diag_open_c1_s0_instrumented
36,1,0,7.523743957,0.0,0.0,1.559583999,1.423264012,open,diag_open_c1_s0_instrumented
37,1,0,7.864320099,0.0,0.0,1.683424026,1.557759978,open,diag_open_c1_s0_instrumented
38,1,0,7.543200076,0.0,0.0,1.587648027,1.512192007,open,diag_open_c1_s0_instrumented
39,1,0,7.746751994,0.0,0.0,1.640928015,1.501536008,open,diag_open_c1_s0_instrumented
40,1,0,7.541984051,0.0,0.0,1.593823999,1.515935995,open,diag_open_c1_s0_instrumented
41,1,0,7.86572814,0.0,0.0,1.691263989,1.541536022,open,diag_open_c1_s0_instrumented
42,1,0,7.708032161,0.0,0.0,1.610240012,1.536736,open,diag_open_c1_s0_instrumented
43,1,0,7.23872003,0.0,0.0,1.565471977,1.618111994,open,diag_open_c1_s0_instrumented
44,1,0,7.691679925,0.0,0.0,1.550848,1.503423989,open,diag_open_c1_s0_instrumented
45,1,0,7.434783995,0.0,0.0,1.699711971,1.502111971,open,diag_open_c1_s0_instrumented
46,1,0,7.414655983,0.0,0.0,1.651456028,1.484671991,open,diag_open_c1_s0_instrumented
47,1,0,7.405600011,0.0,0.0,1.642303996,1.612960003,open,diag_open_c1_s0_instrumented
48,1,0,7.554752111,0.0,0.0,1.669760011,1.769600004,open,diag_open_c1_s0_instrumented
49,1,0,7.664287984,0.0,0.0,1.54243201,1.454751983,open,diag_open_c1_s0_instrumented
50,1,0,7.223040074,0.0,0.0,1.695744008,1.80393602,open,diag_open_c1_s0_instrumented
51,1,0,7.743936181,0.0,0.0,1.682975985,1.830079995,open,diag_open_c1_s0_instrumented
52,1,0,7.305472016,0.0,0.0,1.707167983,1.962240018,open,diag_open_c1_s0_instrumented
53,1,0,7.582143873,0.0,0.0,1.573503979,1.600607976,open,diag_open_c1_s0_instrumented
54,1,0,7.666944027,0.0,0.0,1.667807996,1.799488008,open,diag_open_c1_s0_instrumented
55,1,0,7.61241594,0.0,0.0,1.581055999,1.716895998,open,diag_open_c1_s0_instrumented
56,1,0,7.20550397,0.0,0.0,1.577567987,1.50959998,open,diag_open_c1_s0_instrumented
57,1,0,7.937888026,0.0,0.0,1.564319968,1.554848026,open,diag_open_c1_s0_instrumented
58,1,0,7.453600049,0.0,0.0,1.60137599,1.429119986,open,diag_open_c1_s0_instrumented
59,1,0,7.540383935,0.0,0.0,1.600287981,1.502112009,open,diag_open_c1_s0_instrumented
60,1,0,7.789471924,0.0,0.0,1.548479989,1.500991993,open,diag_open_c1_s0_instrumented
61,1,0,7.560959995,0.0,0.0,1.581023991,1.484927993,open,diag_open_c1_s0_instrumented
62,1,0,7.193632066,0.0,0.0,1.585439995,1.484896004,open,diag_open_c1_s0_instrumented
63,1,0,7.921727985,0.0,0.0,1.559168011,1.583456013,open,diag_open_c1_s0_instrumented
64,1,0,7.547328055,0.0,0.0,1.596704006,1.498079993,open,diag_open_c1_s0_instrumented
65,1,0,7.606143922,0.0,0.0,1.548831999,1.466911986,open,diag_open_c1_s0_instrumented
66,1,0,7.541311979,0.0,0.0,1.645343997,1.497663997,open,diag_open_c1_s0_instrumented
67,1,0,7.571488023,0.0,0.0,1.538592011,1.559327975,open,diag_open_c1_s0_instrumented
68,1,0,7.707968056,0.0,0.0,1.622687995,1.655008022,open,diag_open_c1_s0_instrumented
69,1,0,7.600160062,0.0,0.0,1.564927995,1.852000006,open,diag_open_c1_s0_instrumented
70,1,0,7.314176053,0.0,0.0,1.642528005,1.702496015,open,diag_open_c1_s0_instrumented
71,1,0,7.580928147,0.0,0.0,1.682944015,1.727040023,open,diag_open_c1_s0_instrumented
72,1,0,7.578432083,0.0,0.0,1.62975999,1.900320031,open,diag_open_c1_s0_instrumented
73,1,0,7.305504084,0.0,0.0,1.936096027,1.896255985,open,diag_open_c1_s0_instrumented
74,1,0,7.811999977,0.0,0.0,1.644928001,1.434368026,open,diag_open_c1_s0_instrumented
75,1,0,7.653184026,0.0,0.0,1.593791999,2.154047996,open,diag_open_c1_s0_instrumented
76,1,0,7.572640002,0.0,0.0,1.591615997,1.441823989,open,diag_open_c1_s0_instrumented
77,1,0,7.722304076,0.0,0.0,1.566496,1.49145598,open,diag_open_c1_s0_instrumented
78,1,0,7.54640013,0.0,0.0,1.569599986,1.486624014,open,diag_open_c1_s0_instrumented
79,1,0,7.539648026,0.0,0.0,1.564287983,1.524224021,open,diag_open_c1_s0_instrumented
80,1,0,7.709024072,0.0,0.0,1.595488027,1.546495982,open,diag_open_c1_s0_instrumented
81,1,0,7.565472126,0.0,0.0,1.554752015,1.526080027,open,diag_open_c1_s0_instrumented
82,1,0,7.410495996,0.0,0.0,1.613952003,1.591520026,open,diag_open_c1_s0_instrumented
83,1,0,7.61695987,0.0,0.0,1.56553603,1.569119975,open,diag_open_c1_s0_instrumented
84,1,0,7.563327938,0.0,0.0,1.54537601,1.662816025,open,diag_open_c1_s0_instrumented
85,1,0,7.793151945,0.0,0.0,1.548480034,1.492191993,open,diag_open_c1_s0_instrumented
86,1,0,7.710111976,0.0,0.0,1.633951984,1.524448007,open,diag_open_c1_s0_instrumented
87,1,0,7.5015679,0.0,0.0,1.583040014,1.520223983,open,diag_open_c1_s0_instrumented
88,1,0,7.293439955,0.0,0.0,1.615583993,1.468095999,open,diag_open_c1_s0_instrumented
89,1,0,7.709119916,0.0,0.0,1.575167976,1.554208014,open,diag_open_c1_s0_instrumented
90,1,0,7.313695908,0.0,0.0,1.576063998,1.456704028,open,diag_open_c1_s0_instrumented
91,1,0,7.754783958,0.0,0.0,1.615616001,1.461280007,open,diag_open_c1_s0_instrumented
92,1,0,7.436384022,0.0,0.0,1.589088008,1.443519983,open,diag_open_c1_s0_instrumented
93,1,0,7.580480039,0.0,0.0,1.565407962,1.555263992,open,diag_open_c1_s0_instrumented
94,1,0,7.546367973,0.0,0.0,1.533344023,1.463680007,open,diag_open_c1_s0_instrumented
95,1,0,8.278048009,0.0,0.0,1.585632026,1.536544003,open,diag_open_c1_s0_instrumented
96,1,0,7.805791974,0.0,0.0,1.599647999,1.554879982,open,diag_open_c1_s0_instrumented
97,1,0,7.276256025,0.0,0.0,1.62195202,1.405247994,open,diag_open_c1_s0_instrumented
98,1,0,7.169952035,0.0,0.0,1.569440007,1.552352015,open,diag_open_c1_s0_instrumented
99,1,0,7.819104075,0.0,0.0,1.697632022,1.663488016,open,diag_open_c1_s0_instrumented
100,1,0,7.44265601,0.0,0.0,1.591199987,1.493120011,open,diag_open_c1_s0_instrumented
1,1,1,8.1080001,1.367647998,36.406015873,2.398431957,1.917279996,open,diag_open_c1_s1_instrumented
2,1,1,7.414336026,0.820703998,38.175456524,1.310016021,1.639839992,open,diag_open_c1_s1_instrumented
3,1,1,8.181472003,0.86144001,35.353919983,1.301055998,1.692287989,open,diag_open_c1_s1_instrumented
4,1,1,7.08345598,0.843712009,35.101919889,1.492608011,1.684896015,open,diag_open_c1_s1_instrumented
5,1,1,7.657344073,0.859007999,33.84019208,1.331168003,1.654208004,open,diag_open_c1_s1_instrumented
6,1,1,8.071072012,0.851583991,37.632415533,1.317855999,1.671231985,open,diag_open_c1_s1_instrumented
7,1,1,7.095487982,0.825759996,33.560543776,1.299199983,1.661247998,open,diag_open_c1_s1_instrumented
8,1,1,8.082783908,0.882272013,34.150656462,1.354271993,1.660608016,open,diag_open_c1_s1_instrumented
9,1,1,7.916927934,0.911168015,34.401119709,1.361343987,1.867552005,open,diag_open_c1_s1_instrumented
10,1,1,8.417375952,0.839008009,33.256736279,1.307712011,1.615584001,open,diag_open_c1_s1_instrumented
11,1,1,7.150015891,0.83817599,34.29551959,1.342879996,1.761056021,open,diag_open_c1_s1_instrumented
12,1,1,7.158336043,0.814655999,33.499424219,1.362751991,1.618079983,open,diag_open_c1_s1_instrumented
13,1,1,7.153632015,0.904672019,41.009279013,1.309760019,1.659840003,open,diag_open_c1_s1_instrumented
14,1,1,7.345632046,0.852256006,32.114432335,1.289503999,1.637024,open,diag_open_c1_s1_instrumented
15,1,1,7.14774394,0.82393601,32.01190424,1.29619199,1.613663994,open,diag_open_c1_s1_instrumented
16,1,1,7.494303942,0.82400001,31.922047853,1.283775993,1.630464002,open,diag_open_c1_s1_instrumented
17,1,1,7.139296025,0.89395199,33.970016003,1.300832003,1.642080016,open,diag_open_c1_s1_instrumented
18,1,1,7.267904043,0.841183998,31.735520124,1.283999994,1.641663991,open,diag_open_c1_s1_instrumented
19,1,1,7.361536056,1.472159998,33.617407799,1.341216005,1.649984002,open,diag_open_c1_s1_instrumented
20,1,1,7.170047939,0.890847988,42.989343405,1.303136013,1.640127994,open,diag_open_c1_s1_instrumented
21,1,1,7.306176037,0.925119992,32.149119377,1.289568,1.707967997,open,diag_open_c1_s1_instrumented
22,1,1,7.206336051,1.03395199,32.346464157,1.354720004,1.669376023,open,diag_open_c1_s1_instrumented
23,1,1,7.149760008,0.849696012,34.244704247,1.356960014,1.647679977,open,diag_open_c1_s1_instrumented
24,1,1,7.342431962,0.867872,31.96326375,1.293407999,1.721248016,open,diag_open_c1_s1_instrumented
25,1,1,7.465535909,0.856576018,32.912672043,1.336415999,1.670784004,open,diag_open_c1_s1_instrumented
26,1,1,7.208415985,0.812703997,35.653632402,1.284255996,1.658400007,open,diag_open_c1_s1_instrumented
27,1,1,7.225823939,0.817087999,32.310176134,1.300864011,1.902207978,open,diag_open_c1_s1_instrumented
28,1,1,7.152767986,0.832416011,33.218976021,1.304384008,1.897407979,open,diag_open_c1_s1_instrumented
29,1,1,7.798432052,0.837247992,40.53225565,1.284735985,1.638367996,open,diag_open_c1_s1_instrumented
30,1,1,7.335456014,0.896607999,33.297663927,1.297855996,1.691744022,open,diag_open_c1_s1_instrumented
31,1,1,7.241503984,0.903328013,32.849983454,1.298335984,1.680831976,open,diag_open_c1_s1_instrumented
32,1,1,7.500160009,0.852992002,31.934912443,1.272543997,1.64713598,open,diag_open_c1_s1_instrumented
33,1,1,7.552223802,0.835231991,32.880928278,1.276928008,1.639104009,open,diag_open_c1_s1_instrumented
34,1,1,7.165119946,0.837600006,32.516192198,1.333376005,1.59599999,open,diag_open_c1_s1_instrumented
35,1,1,7.14803201,0.848608006,32.471680403,1.295072004,1.609600008,open,diag_open_c1_s1_instrumented
36,1,1,7.256384075,0.829280006,32.850784063,1.293408029,1.610752024,open,diag_open_c1_s1_instrumented
37,1,1,7.183487982,0.828031989,32.303455591,1.308255993,1.625631995,open,diag_open_c1_s1_instrumented
38,1,1,7.135871947,0.827296019,31.77113533,1.29097601,1.599712007,open,diag_open_c1_s1_instrumented
39,1,1,7.183775991,0.865440011,32.557343721,1.300160021,1.61836803,open,diag_open_c1_s1_instrumented
40,1,1,7.10956797,0.812031999,61.849821568,1.297503985,1.632159978,open,diag_open_c1_s1_instrumented
41,1,1,7.18406409,0.838400014,31.942847729,1.301855989,1.613024019,open,diag_open_c1_s1_instrumented
42,1,1,7.1189439,0.957216023,32.848416567,1.306112029,1.643359978,open,diag_open_c1_s1_instrumented
43,1,1,8.099871993,0.897216013,32.419359922,1.284671992,1.67318397,open,diag_open_c1_s1_instrumented
44,1,1,7.166271865,0.825824002,43.922047615,1.297056012,1.651679993,open,diag_open_c1_s1_instrumented
45,1,1,7.180672079,0.840351997,32.155040026,1.321792006,1.618048012,open,diag_open_c1_s1_instrumented
46,1,1,7.575871944,0.850271998,32.564640045,1.308768012,1.635104001,open,diag_open_c1_s1_instrumented
47,1,1,7.187551886,0.817280011,32.248864412,1.298720017,1.637856014,open,diag_open_c1_s1_instrumented
48,1,1,7.152927935,0.814719997,32.334656239,1.297631986,1.649376012,open,diag_open_c1_s1_instrumented
49,1,1,7.308416009,0.866176015,32.675071955,1.318879999,1.688416027,open,diag_open_c1_s1_instrumented
50,1,1,7.583968014,0.86864,32.556288004,1.305376016,1.663904004,open,diag_open_c1_s1_instrumented
51,1,1,7.149248093,0.838623995,37.863711834,1.277183995,1.619039983,open,diag_open_c1_s1_instrumented
52,1,1,7.173375994,0.809472004,32.888448,1.304928027,1.608064003,open,diag_open_c1_s1_instrumented
53,1,1,7.186336011,0.835904012,32.824383974,1.293568,1.630527996,open,diag_open_c1_s1_instrumented
54,1,1,7.493408024,0.888160009,32.628608704,1.296704002,1.624447986,open,diag_open_c1_s1_instrumented
55,1,1,7.200608015,0.838527987,35.741279602,1.282208011,1.657024011,open,diag_open_c1_s1_instrumented
56,1,1,7.482111841,0.826815994,32.053888083,1.298880018,1.655999996,open,diag_open_c1_s1_instrumented
57,1,1,7.139264137,0.817791997,32.038879633,1.298944019,1.658783995,open,diag_open_c1_s1_instrumented
58,1,1,7.204736084,0.827904003,31.715327978,1.275744013,1.610591993,open,diag_open_c1_s1_instrumented
59,1,1,7.230240077,0.833695995,32.381695747,1.290847994,1.669151969,open,diag_open_c1_s1_instrumented
60,1,1,7.183616042,0.846847998,35.991584301,1.281664006,1.619968005,open,diag_open_c1_s1_instrumented
61,1,1,7.174944013,0.862976009,32.48239994,1.307040021,1.643072002,open,diag_open_c1_s1_instrumented
62,1,1,7.370399922,0.851232007,40.146591902,1.295327991,1.594527971,open,diag_open_c1_s1_instrumented
63,1,1,7.159711957,0.836415999,31.795840502,1.291296005,1.614816003,open,diag_open_c1_s1_instrumented
64,1,1,7.180736065,0.902143983,32.15638423,1.271007977,1.669663996,open,diag_open_c1_s1_instrumented
65,1,1,7.711871952,0.861472003,33.004767895,1.287967987,1.688607983,open,diag_open_c1_s1_instrumented
66,1,1,7.140799999,0.827552001,32.230368376,1.325023994,1.746111959,open,diag_open_c1_s1_instrumented
67,1,1,7.179488033,0.818816008,32.420351744,1.310655974,1.582336023,open,diag_open_c1_s1_instrumented
68,1,1,7.135360092,0.810719991,32.04643178,1.282304004,1.635423996,open,diag_open_c1_s1_instrumented
69,1,1,7.203840047,0.819136003,32.148991585,1.308704004,1.711392023,open,diag_open_c1_s1_instrumented
70,1,1,7.275871843,0.821887996,32.911487818,1.291168012,1.650816031,open,diag_open_c1_s1_instrumented
71,1,1,7.307551861,0.854272012,32.663167715,1.300095998,1.708576016,open,diag_open_c1_s1_instrumented
72,1,1,7.549311996,0.840256006,32.822399616,1.330495991,1.637503978,open,diag_open_c1_s1_instrumented
73,1,1,7.20720005,0.847040018,32.322783947,1.287584022,1.596000001,open,diag_open_c1_s1_instrumented
74,1,1,7.150687993,0.811519995,33.836671829,1.322367996,1.71728,open,diag_open_c1_s1_instrumented
75,1,1,7.506431997,0.845855994,34.375487328,1.285216004,1.648959994,open,diag_open_c1_s1_instrumented
76,1,1,7.114975899,0.851136016,32.688928366,1.304639973,1.641984016,open,diag_open_c1_s1_instrumented
77,1,1,7.20947206,0.849120012,31.63711977,1.290080003,1.672576003,open,diag_open_c1_s1_instrumented
78,1,1,7.484704018,0.838207996,37.608352661,1.300127998,1.670240007,open,diag_open_c1_s1_instrumented
79,1,1,7.161599874,0.847328018,32.098528147,1.302911989,1.663071997,open,diag_open_c1_s1_instrumented
80,1,1,7.150047958,0.829919999,31.917792082,1.271455988,1.683136009,open,diag_open_c1_s1_instrumented
81,1,1,7.122624099,0.841728009,32.91359973,1.301024012,1.616543993,open,diag_open_c1_s1_instrumented
82,1,1,7.093151957,0.83728,31.641215563,1.27855999,1.569663975,open,diag_open_c1_s1_instrumented
83,1,1,7.190080017,0.834111989,32.201056242,1.378367998,1.669760011,open,diag_open_c1_s1_instrumented
84,1,1,7.213663965,0.821183994,31.237247705,1.272288002,1.611200035,open,diag_open_c1_s1_instrumented
85,1,1,7.142143935,0.846368007,33.774592161,1.274560019,1.694559991,open,diag_open_c1_s1_instrumented
86,1,1,7.181312054,0.822368,32.252319813,1.287519991,1.638367988,open,diag_open_c1_s1_instrumented
87,1,1,7.156607926,0.858367994,32.320512056,1.280607998,1.638399988,open,diag_open_c1_s1_instrumented
88,1,1,7.253247917,0.807584003,31.922527313,1.292095982,1.530784018,open,diag_open_c1_s1_instrumented
89,1,1,7.145375967,0.843679998,31.484735966,1.277344011,1.606591992,open,diag_open_c1_s1_instrumented
90,1,1,7.185119927,0.799328001,36.325344086,1.271455999,1.783552006,open,diag_open_c1_s1_instrumented
91,1,1,7.203423947,0.825824,32.066175938,1.281024016,1.716287978,open,diag_open_c1_s1_instrumented
92,1,1,7.208031982,0.813631991,31.995839834,1.270623989,1.652768001,open,diag_open_c1_s1_instrumented
93,1,1,7.153920054,0.817280004,31.925088644,1.283392027,1.626912005,open,diag_open_c1_s1_instrumented
94,1,1,7.195423871,0.804543996,33.015583992,1.288543984,1.643039994,open,diag_open_c1_s1_instrumented
95,1,1,7.174016058,0.836735988,31.389088631,1.296768002,1.631936036,open,diag_open_c1_s1_instrumented
96,1,1,7.189407885,0.810015988,32.020383835,1.272799999,1.662303992,open,diag_open_c1_s1_instrumented
97,1,1,7.148800045,0.857631994,32.390655994,1.276479989,1.617184006,open,diag_open_c1_s1_instrumented
98,1,1,7.152960032,0.805120004,33.083039999,1.312416002,1.617280032,open,diag_open_c1_s1_instrumented
99,1,1,7.176991969,0.841088012,32.353119612,1.287583999,1.648703992,open,diag_open_c1_s1_instrumented
100,1,1,7.161568016,0.840512011,31.725343704,1.269823991,1.55788799,open,diag_open_c1_s1_instrumented
1,0,0,14.50892818,0.0,0.0,4.370976031,0.0,closed,diag_closed_c0_s0_instrumented
2,0,0,13.985599995,0.0,0.0,2.660768002,0.0,closed,diag_closed_c0_s0_instrumented
3,0,0,14.56076777,0.0,0.0,2.791008025,0.0,closed,diag_closed_c0_s0_instrumented
4,0,0,14.48793602,0.0,0.0,2.698112011,0.0,closed,diag_closed_c0_s0_instrumented
5,0,0,15.170527935,0.0,0.0,2.680480003,0.0,closed,diag_closed_c0_s0_instrumented
6,0,0,14.482815981,0.0,0.0,2.720352024,0.0,closed,diag_closed_c0_s0_instrumented
7,0,0,14.91328001,0.0,0.0,2.778144002,0.0,closed,diag_closed_c0_s0_instrumented
8,0,0,14.540992022,0.0,0.0,2.839776039,0.0,closed,diag_closed_c0_s0_instrumented
9,0,0,15.159263849,0.0,0.0,2.737087995,0.0,closed,diag_closed_c0_s0_instrumented
10,0,0,14.751968026,0.0,0.0,2.688608021,0.0,closed,diag_closed_c0_s0_instrumented
11,0,0,15.17129612,0.0,0.0,2.718047976,0.0,closed,diag_closed_c0_s0_instrumented
12,0,0,14.973343968,0.0,0.0,2.76384002,0.0,closed,diag_closed_c0_s0_instrumented
13,0,0,14.377600074,0.0,0.0,2.66959998,0.0,closed,diag_closed_c0_s0_instrumented
14,0,0,14.252447963,0.0,0.0,2.680544019,0.0,closed,diag_closed_c0_s0_instrumented
15,0,0,14.758463979,0.0,0.0,2.689823985,0.0,closed,diag_closed_c0_s0_instrumented
16,0,0,14.4270401,0.0,0.0,2.66790399,0.0,closed,diag_closed_c0_s0_instrumented
17,0,0,14.833951831,0.0,0.0,2.634623975,0.0,closed,diag_closed_c0_s0_instrumented
18,0,0,14.388607979,0.0,0.0,2.67257598,0.0,closed,diag_closed_c0_s0_instrumented
19,0,0,14.597568035,0.0,0.0,2.730560005,0.0,closed,diag_closed_c0_s0_instrumented
20,0,0,14.223744154,0.0,0.0,2.740992039,0.0,closed,diag_closed_c0_s0_instrumented
21,0,0,14.029312015,0.0,0.0,2.74070403,0.0,closed,diag_closed_c0_s0_instrumented
22,0,0,14.249567866,0.0,0.0,2.666144043,0.0,closed,diag_closed_c0_s0_instrumented
23,0,0,13.93897593,0.0,0.0,2.420447975,0.0,closed,diag_closed_c0_s0_instrumented
24,0,0,14.253376007,0.0,0.0,2.428960025,0.0,closed,diag_closed_c0_s0_instrumented
25,0,0,14.079808116,0.0,0.0,2.421472013,0.0,closed,diag_closed_c0_s0_instrumented
26,0,0,14.027616024,0.0,0.0,2.348832011,0.0,closed,diag_closed_c0_s0_instrumented
27,0,0,13.822207808,0.0,0.0,2.349439979,0.0,closed,diag_closed_c0_s0_instrumented
28,0,0,13.978623867,0.0,0.0,2.469504029,0.0,closed,diag_closed_c0_s0_instrumented
29,0,0,13.813024044,0.0,0.0,2.292159975,0.0,closed,diag_closed_c0_s0_instrumented
30,0,0,14.205824018,0.0,0.0,2.326335996,0.0,closed,diag_closed_c0_s0_instrumented
31,0,0,13.942847967,0.0,0.0,2.29974404,0.0,closed,diag_closed_c0_s0_instrumented
32,0,0,13.806432009,0.0,0.0,2.305823982,0.0,closed,diag_closed_c0_s0_instrumented
33,0,0,14.352448106,0.0,0.0,2.455168009,0.0,closed,diag_closed_c0_s0_instrumented
34,0,0,13.817664027,0.0,0.0,2.280191988,0.0,closed,diag_closed_c0_s0_instrumented
35,0,0,13.874367952,0.0,0.0,2.385727972,0.0,closed,diag_closed_c0_s0_instrumented
36,0,0,14.772927999,0.0,0.0,2.462975979,0.0,closed,diag_closed_c0_s0_instrumented
37,0,0,13.99673593,0.0,0.0,2.371904016,0.0,closed,diag_closed_c0_s0_instrumented
38,0,0,14.037375927,0.0,0.0,2.513791978,0.0,closed,diag_closed_c0_s0_instrumented
39,0,0,13.796992064,0.0,0.0,2.304064006,0.0,closed,diag_closed_c0_s0_instrumented
40,0,0,14.910560012,0.0,0.0,2.542975992,0.0,closed,diag_closed_c0_s0_instrumented
41,0,0,14.438207984,0.0,0.0,2.375551969,0.0,closed,diag_closed_c0_s0_instrumented
42,0,0,13.83280015,0.0,0.0,2.370240003,0.0,closed,diag_closed_c0_s0_instrumented
43,0,0,13.876992106,0.0,0.0,2.332256019,0.0,closed,diag_closed_c0_s0_instrumented
44,0,0,13.993952036,0.0,0.0,2.361471951,0.0,closed,diag_closed_c0_s0_instrumented
45,0,0,14.498399854,0.0,0.0,2.345919997,0.0,closed,diag_closed_c0_s0_instrumented
46,0,0,13.973824143,0.0,0.0,2.361279994,0.0,closed,diag_closed_c0_s0_instrumented
47,0,0,13.980671883,0.0,0.0,2.382848024,0.0,closed,diag_closed_c0_s0_instrumented
48,0,0,14.381088018,0.0,0.0,2.414175987,0.0,closed,diag_closed_c0_s0_instrumented
49,0,0,13.574336052,0.0,0.0,2.364063978,0.0,closed,diag_closed_c0_s0_instrumented
50,0,0,14.006783962,0.0,0.0,2.363967955,0.0,closed,diag_closed_c0_s0_instrumented
51,0,0,13.621055961,0.0,0.0,2.388319969,0.0,closed,diag_closed_c0_s0_instrumented
52,0,0,13.788607955,0.0,0.0,2.331232011,0.0,closed,diag_closed_c0_s0_instrumented
53,0,0,13.979008079,0.0,0.0,2.321280032,0.0,closed,diag_closed_c0_s0_instrumented
54,0,0,13.950559974,0.0,0.0,2.50227198,0.0,closed,diag_closed_c0_s0_instrumented
55,0,0,13.971488118,0.0,0.0,2.445056021,0.0,closed,diag_closed_c0_s0_instrumented
56,0,0,14.373375893,0.0,0.0,2.457119942,0.0,closed,diag_closed_c0_s0_instrumented
57,0,0,13.961728096,0.0,0.0,2.318207979,0.0,closed,diag_closed_c0_s0_instrumented
58,0,0,13.98723197,0.0,0.0,2.46451202,0.0,closed,diag_closed_c0_s0_instrumented
59,0,0,13.585055947,0.0,0.0,2.399039984,0.0,closed,diag_closed_c0_s0_instrumented
60,0,0,13.729120016,0.0,0.0,2.405951977,0.0,closed,diag_closed_c0_s0_instrumented
61,0,0,13.8687042,0.0,0.0,2.398207992,0.0,closed,diag_closed_c0_s0_instrumented
62,0,0,14.260736108,0.0,0.0,2.505056024,0.0,closed,diag_closed_c0_s0_instrumented
63,0,0,13.610527992,0.0,0.0,2.352064013,0.0,closed,diag_closed_c0_s0_instrumented
64,0,0,14.246400118,0.0,0.0,2.467711985,0.0,closed,diag_closed_c0_s0_instrumented
65,0,0,13.6149441,0.0,0.0,2.359456003,0.0,closed,diag_closed_c0_s0_instrumented
66,0,0,14.561247945,0.0,0.0,2.482848018,0.0,closed,diag_closed_c0_s0_instrumented
67,0,0,13.67116797,0.0,0.0,2.374367982,0.0,closed,diag_closed_c0_s0_instrumented
68,0,0,14.054143906,0.0,0.0,2.340128005,0.0,closed,diag_closed_c0_s0_instrumented
69,0,0,14.20323205,0.0,0.0,2.450175971,0.0,closed,diag_closed_c0_s0_instrumented
70,0,0,14.009727955,0.0,0.0,2.352768034,0.0,closed,diag_closed_c0_s0_instrumented
71,0,0,13.953247905,0.0,0.0,2.482912034,0.0,closed,diag_closed_c0_s0_instrumented
72,0,0,13.599328041,0.0,0.0,2.32316801,0.0,closed,diag_closed_c0_s0_instrumented
73,0,0,14.092575908,0.0,0.0,2.323071986,0.0,closed,diag_closed_c0_s0_instrumented
74,0,0,14.244127989,0.0,0.0,2.440063983,0.0,closed,diag_closed_c0_s0_instrumented
75,0,0,13.969088197,0.0,0.0,2.397631973,0.0,closed,diag_closed_c0_s0_instrumented
76,0,0,14.266879916,0.0,0.0,2.574207991,0.0,closed,diag_closed_c0_s0_instrumented
77,0,0,14.472319961,0.0,0.0,2.50950399,0.0,closed,diag_closed_c0_s0_instrumented
78,0,0,14.55663991,0.0,0.0,2.442112029,0.0,closed,diag_closed_c0_s0_instrumented
79,0,0,14.151263952,0.0,0.0,2.415327996,0.0,closed,diag_closed_c0_s0_instrumented
80,0,0,13.794304013,0.0,0.0,2.409823984,0.0,closed,diag_closed_c0_s0_instrumented
81,0,0,14.54371202,0.0,0.0,2.418336004,0.0,closed,diag_closed_c0_s0_instrumented
82,0,0,13.565727949,0.0,0.0,2.346944004,0.0,closed,diag_closed_c0_s0_instrumented
83,0,0,14.024703979,0.0,0.0,2.448991984,0.0,closed,diag_closed_c0_s0_instrumented
84,0,0,14.054911971,0.0,0.0,2.358176023,0.0,closed,diag_closed_c0_s0_instrumented
85,0,0,13.623519897,0.0,0.0,2.352607995,0.0,closed,diag_closed_c0_s0_instrumented
86,0,0,13.811808228,0.0,0.0,2.337504029,0.0,closed,diag_closed_c0_s0_instrumented
87,0,0,13.954751968,0.0,0.0,2.43868801,0.0,closed,diag_closed_c0_s0_instrumented
88,0,0,14.159040093,0.0,0.0,2.450079948,0.0,closed,diag_closed_c0_s0_instrumented
89,0,0,13.933984041,0.0,0.0,2.320416003,0.0,closed,diag_closed_c0_s0_instrumented
90,0,0,14.471423984,0.0,0.0,2.318976015,0.0,closed,diag_closed_c0_s0_instrumented
91,0,0,13.957407951,0.0,0.0,2.557247996,0.0,closed,diag_closed_c0_s0_instrumented
92,0,0,14.049823999,0.0,0.0,2.416960001,0.0,closed,diag_closed_c0_s0_instrumented
93,0,0,14.612735748,0.0,0.0,2.442144036,0.0,closed,diag_closed_c0_s0_instrumented
94,0,0,14.001568079,0.0,0.0,2.475295991,0.0,closed,diag_closed_c0_s0_instrumented
95,0,0,13.987071991,0.0,0.0,2.433055997,0.0,closed,diag_closed_c0_s0_instrumented
96,0,0,13.617599964,0.0,0.0,2.365120053,0.0,closed,diag_closed_c0_s0_instrumented
97,0,0,14.487455845,0.0,0.0,2.499967992,0.0,closed,diag_closed_c0_s0_instrumented
98,0,0,13.960415959,0.0,0.0,2.362943947,0.0,closed,diag_closed_c0_s0_instrumented
99,0,0,14.283583879,0.0,0.0,2.451616019,0.0,closed,diag_closed_c0_s0_instrumented
100,0,0,13.822368264,0.0,0.0,2.314048052,0.0,closed,diag_closed_c0_s0_instrumented
1,0,1,13.687296152,2.068736002,50.874592304,2.94649598,0.0,closed,diag_closed_c0_s1_instrumented
2,0,1,13.527552009,1.592351988,48.804128647,1.950079992,0.0,closed,diag_closed_c0_s1_instrumented
3,0,1,12.281183839,1.494496003,48.041984558,2.021311983,0.0,closed,diag_closed_c0_s1_instrumented
4,0,1,11.814975977,1.594879985,50.001600266,1.939135998,0.0,closed,diag_closed_c0_s1_instrumented
5,0,1,11.644319892,1.577055991,50.499679565,1.949632004,0.0,closed,diag_closed_c0_s1_instrumented
6,0,1,12.637184024,1.528448001,47.780671597,1.915583998,0.0,closed,diag_closed_c0_s1_instrumented
7,0,1,13.237663984,1.520320013,47.414272308,1.960128009,0.0,closed,diag_closed_c0_s1_instrumented
8,0,1,12.967007995,1.503008023,46.107679367,1.946976006,0.0,closed,diag_closed_c0_s1_instrumented
9,0,1,11.636896133,1.500895992,45.207840443,1.912799954,0.0,closed,diag_closed_c0_s1_instrumented
10,0,1,11.637951851,1.506080002,49.088896275,1.978912026,0.0,closed,diag_closed_c0_s1_instrumented
11,0,1,11.650239825,1.491423994,45.324991226,2.000960007,0.0,closed,diag_closed_c0_s1_instrumented
12,0,1,11.844384074,1.537248001,45.799712658,1.962879986,0.0,closed,diag_closed_c0_s1_instrumented
13,0,1,12.043776035,1.536864012,46.704927921,1.946784005,0.0,closed,diag_closed_c0_s1_instrumented
14,0,1,12.374624133,1.547616005,45.86732769,1.939968005,0.0,closed,diag_closed_c0_s1_instrumented
15,0,1,11.632063985,1.523391992,46.475008011,1.928095981,0.0,closed,diag_closed_c0_s1_instrumented
16,0,1,11.868480086,1.530560017,48.91875124,1.961663976,0.0,closed,diag_closed_c0_s1_instrumented
17,0,1,12.242239952,1.722079962,49.953216076,1.997152016,0.0,closed,diag_closed_c0_s1_instrumented
18,0,1,12.020672083,1.482399985,47.237248898,1.964864016,0.0,closed,diag_closed_c0_s1_instrumented
19,0,1,12.189344049,1.477311999,45.817024708,1.949152008,0.0,closed,diag_closed_c0_s1_instrumented
20,0,1,11.631551981,1.487456009,46.381055832,1.957311973,0.0,closed,diag_closed_c0_s1_instrumented
21,0,1,12.068928003,1.570496008,46.326943874,2.046464011,0.0,closed,diag_closed_c0_s1_instrumented
22,0,1,11.627263904,1.514303982,46.254495144,1.947552025,0.0,closed,diag_closed_c0_s1_instrumented
23,0,1,11.845024109,1.505088016,45.728672028,1.992416024,0.0,closed,diag_closed_c0_s1_instrumented
24,0,1,11.834847927,1.516863987,45.61507225,1.930943996,0.0,closed,diag_closed_c0_s1_instrumented
25,0,1,11.992799997,1.530816004,45.67427206,1.917503968,0.0,closed,diag_closed_c0_s1_instrumented
26,0,1,11.863424182,1.502080023,45.894656181,1.987520009,0.0,closed,diag_closed_c0_s1_instrumented
27,0,1,11.638432026,1.559263989,46.07583952,1.942399994,0.0,closed,diag_closed_c0_s1_instrumented
28,0,1,11.623071909,1.513855994,48.102144718,1.944992021,0.0,closed,diag_closed_c0_s1_instrumented
29,0,1,11.847136021,1.545120016,47.063904285,1.94387202,0.0,closed,diag_closed_c0_s1_instrumented
30,0,1,12.107519746,1.492223993,45.919968605,1.930815995,0.0,closed,diag_closed_c0_s1_instrumented
31,0,1,11.670624018,1.556031987,45.833152294,1.935487986,0.0,closed,diag_closed_c0_s1_instrumented
32,0,1,12.089503884,1.565951988,45.504736423,1.923904017,0.0,closed,diag_closed_c0_s1_instrumented
33,0,1,11.868928075,1.587712005,54.033472538,1.946912006,0.0,closed,diag_closed_c0_s1_instrumented
34,0,1,12.282112002,1.542144001,46.042079449,1.945311978,0.0,closed,diag_closed_c0_s1_instrumented
35,0,1,11.648352027,1.516928002,46.05987215,1.937344,0.0,closed,diag_closed_c0_s1_instrumented
36,0,1,11.996991992,1.499679998,45.61366415,1.934240028,0.0,closed,diag_closed_c0_s1_instrumented
37,0,1,12.301215887,1.549664006,46.219072342,1.972672015,0.0,closed,diag_closed_c0_s1_instrumented
38,0,1,12.415743828,1.499744013,45.180639744,1.926943988,0.0,closed,diag_closed_c0_s1_instrumented
39,0,1,11.633344054,1.496480018,45.522303581,1.901919976,0.0,closed,diag_closed_c0_s1_instrumented
40,0,1,11.83974421,1.49452801,46.22745657,1.924287975,0.0,closed,diag_closed_c0_s1_instrumented
41,0,1,11.629920125,1.551040009,45.772960186,1.92335999,0.0,closed,diag_closed_c0_s1_instrumented
42,0,1,11.655743957,1.496800005,45.497855663,2.012191996,0.0,closed,diag_closed_c0_s1_instrumented
43,0,1,11.656992078,1.491167992,49.930495739,1.952288002,0.0,closed,diag_closed_c0_s1_instrumented
44,0,1,12.197759986,1.51305598,45.033599854,1.920960009,0.0,closed,diag_closed_c0_s1_instrumented
45,0,1,12.029567838,1.50723201,45.909567833,1.926719993,0.0,closed,diag_closed_c0_s1_instrumented
46,0,1,11.637696028,1.585792005,45.602175713,1.919551998,0.0,closed,diag_closed_c0_s1_instrumented
47,0,1,11.768320084,1.523680001,45.499007702,1.904447973,0.0,closed,diag_closed_c0_s1_instrumented
48,0,1,12.051967978,1.506143987,56.774015427,1.893920019,0.0,closed,diag_closed_c0_s1_instrumented
49,0,1,11.658432007,1.504479989,45.466527939,1.937152028,0.0,closed,diag_closed_c0_s1_instrumented
50,0,1,11.633888125,1.508000001,45.455935955,1.974751994,0.0,closed,diag_closed_c0_s1_instrumented
51,0,1,11.682624102,1.522559986,47.097472668,1.939296007,0.0,closed,diag_closed_c0_s1_instrumented
52,0,1,11.654111981,1.458432004,44.67427206,1.927712008,0.0,closed,diag_closed_c0_s1_instrumented
53,0,1,11.630303979,1.522368029,46.701631546,1.895391986,0.0,closed,diag_closed_c0_s1_instrumented
54,0,1,11.651968122,1.589343995,45.167840004,1.920128003,0.0,closed,diag_closed_c0_s1_instrumented
55,0,1,11.845248103,1.505823985,45.132991314,1.982016012,0.0,closed,diag_closed_c0_s1_instrumented
56,0,1,11.842112064,1.647615999,45.952991962,1.940287992,0.0,closed,diag_closed_c0_s1_instrumented
57,0,1,11.620992064,1.506944001,44.922912121,1.904383987,0.0,closed,diag_closed_c0_s1_instrumented
58,0,1,11.699456096,1.48985599,44.990559578,1.994335994,0.0,closed,diag_closed_c0_s1_instrumented
59,0,1,11.640416026,1.482048005,45.275808334,1.921599999,0.0,closed,diag_closed_c0_s1_instrumented
60,0,1,11.989280105,1.567263991,44.753535748,1.926719993,0.0,closed,diag_closed_c0_s1_instrumented
61,0,1,12.034432173,1.47913599,45.885791779,1.913663983,0.0,closed,diag_closed_c0_s1_instrumented
62,0,1,11.840639949,1.674304008,44.475552559,1.915359959,0.0,closed,diag_closed_c0_s1_instrumented
63,0,1,11.840448022,1.482976004,45.379807949,1.990655988,0.0,closed,diag_closed_c0_s1_instrumented
64,0,1,11.649728179,1.502975985,44.84838438,1.979552001,0.0,closed,diag_closed_c0_s1_instrumented
65,0,1,11.847391963,1.582463995,44.839743137,1.899711996,0.0,closed,diag_closed_c0_s1_instrumented
66,0,1,11.846976042,1.629887998,45.342815876,1.931519985,0.0,closed,diag_closed_c0_s1_instrumented
67,0,1,11.670560122,1.519775987,44.58937645,1.920319989,0.0,closed,diag_closed_c0_s1_instrumented
68,0,1,11.899551988,1.542559981,45.053023815,1.918784022,0.0,closed,diag_closed_c0_s1_instrumented
69,0,1,11.646719933,1.492991999,45.576672554,1.995264009,0.0,closed,diag_closed_c0_s1_instrumented
70,0,1,11.821760058,1.516320005,44.589759827,1.934144005,0.0,closed,diag_closed_c0_s1_instrumented
71,0,1,11.838719964,1.507551983,45.248511791,1.932064012,0.0,closed,diag_closed_c0_s1_instrumented
72,0,1,11.821696162,1.501535997,44.49532795,1.928095996,0.0,closed,diag_closed_c0_s1_instrumented
73,0,1,12.184896111,1.525120005,44.902400494,1.930527985,0.0,closed,diag_closed_c0_s1_instrumented
74,0,1,11.688447952,1.540736005,44.994656563,1.941343993,0.0,closed,diag_closed_c0_s1_instrumented
75,0,1,11.872480035,1.500767991,45.045088768,2.020255983,0.0,closed,diag_closed_c0_s1_instrumented
76,0,1,13.567104101,1.51929599,46.890080452,2.139872,0.0,closed,diag_closed_c0_s1_instrumented
77,0,1,12.713727951,1.496960014,45.585727692,1.910976008,0.0,closed,diag_closed_c0_s1_instrumented
78,0,1,12.347679973,1.481376007,45.726271629,1.959295988,0.0,closed,diag_closed_c0_s1_instrumented
79,0,1,11.995711803,1.503168002,46.402688026,1.943071976,0.0,closed,diag_closed_c0_s1_instrumented
80,0,1,12.003200054,1.447551996,48.271584034,1.95075199,0.0,closed,diag_closed_c0_s1_instrumented
81,0,1,12.708191991,1.527007997,46.363455772,1.94876802,0.0,closed,diag_closed_c0_s1_instrumented
82,0,1,12.017535925,1.633087978,46.557376385,2.009471998,0.0,closed,diag_closed_c0_s1_instrumented
83,0,1,11.866399884,1.501472011,46.700703621,2.22771202,0.0,closed,diag_closed_c0_s1_instrumented
84,0,1,11.633632064,1.534751981,46.581023693,1.953439981,0.0,closed,diag_closed_c0_s1_instrumented
85,0,1,11.880800009,1.503392011,45.31353569,1.980864003,0.0,closed,diag_closed_c0_s1_instrumented
86,0,1,11.672127843,1.553311989,44.916672707,1.947711989,0.0,closed,diag_closed_c0_s1_instrumented
87,0,1,11.62985611,1.489728004,45.01488018,1.915519968,0.0,closed,diag_closed_c0_s1_instrumented
88,0,1,11.663007975,1.527327985,45.522687912,1.943328023,0.0,closed,diag_closed_c0_s1_instrumented
89,0,1,11.852736235,1.525983989,45.022271156,1.9208,0.0,closed,diag_closed_c0_s1_instrumented
90,0,1,12.148096085,1.516064018,45.752320766,1.973791987,0.0,closed,diag_closed_c0_s1_instrumented
91,0,1,11.651679873,1.505632013,44.557439804,1.910431996,0.0,closed,diag_closed_c0_s1_instrumented
92,0,1,11.921408057,1.569311991,52.877984047,1.945472002,0.0,closed,diag_closed_c0_s1_instrumented
93,0,1,11.884096026,1.545855999,46.98985672,1.950367987,0.0,closed,diag_closed_c0_s1_instrumented
94,0,1,11.655615926,1.467999995,45.957792282,1.928031996,0.0,closed,diag_closed_c0_s1_instrumented
95,0,1,11.667712092,1.508000001,59.835488796,1.955328017,0.0,closed,diag_closed_c0_s1_instrumented
96,0,1,11.648895979,1.550015986,46.955135822,1.988287985,0.0,closed,diag_closed_c0_s1_instrumented
97,0,1,11.692799926,1.521088019,46.789343834,1.989504039,0.0,closed,diag_closed_c0_s1_instrumented
98,0,1,11.623136163,1.567103997,46.132096291,1.906943992,0.0,closed,diag_closed_c0_s1_instrumented
99,0,1,11.842079759,1.501919985,45.76476717,1.905855998,0.0,closed,diag_closed_c0_s1_instrumented
100,0,1,11.665056109,1.491871998,45.639552116,1.954527989,0.0,closed,diag_closed_c0_s1_instrumented
1,1,0,12.335583925,0.0,0.0,3.377023995,2.763615936,closed,diag_closed_c1_s0_instrumented
2,1,0,12.736927867,0.0,0.0,2.656384051,2.29846397,closed,diag_closed_c1_s0_instrumented
3,1,0,13.306687951,0.0,0.0,2.579551995,2.360192001,closed,diag_closed_c1_s0_instrumented
4,1,0,12.61068809,0.0,0.0,2.56428799,2.206111997,closed,diag_closed_c1_s0_instrumented
5,1,0,12.491264224,0.0,0.0,2.628895968,2.298336014,closed,diag_closed_c1_s0_instrumented
6,1,0,12.370047927,0.0,0.0,2.591008008,2.369951971,closed,diag_closed_c1_s0_instrumented
7,1,0,12.434943914,0.0,0.0,2.640671998,2.360223979,closed,diag_closed_c1_s0_instrumented
8,1,0,13.161983967,0.0,0.0,2.640895993,2.450048037,closed,diag_closed_c1_s0_instrumented
9,1,0,12.512096047,0.0,0.0,2.604159981,2.274400041,closed,diag_closed_c1_s0_instrumented
10,1,0,12.065504074,0.0,0.0,2.625184029,2.218239971,closed,diag_closed_c1_s0_instrumented
11,1,0,12.156064034,0.0,0.0,2.589600027,2.538208023,closed,diag_closed_c1_s0_instrumented
12,1,0,12.670015931,0.0,0.0,2.583264023,2.39539203,closed,diag_closed_c1_s0_instrumented
13,1,0,11.956735969,0.0,0.0,2.604000032,2.290144041,closed,diag_closed_c1_s0_instrumented
14,1,0,12.626816154,0.0,0.0,2.627104014,2.409280017,closed,diag_closed_c1_s0_instrumented
15,1,0,12.6664958,0.0,0.0,2.463711977,2.449695989,closed,diag_closed_c1_s0_instrumented
16,1,0,12.684159875,0.0,0.0,2.280256003,2.226815969,closed,diag_closed_c1_s0_instrumented
17,1,0,12.654144049,0.0,0.0,2.219967991,2.221087992,closed,diag_closed_c1_s0_instrumented
18,1,0,11.812736034,0.0,0.0,2.283264041,2.136864014,closed,diag_closed_c1_s0_instrumented
19,1,0,12.297536016,0.0,0.0,2.333247989,2.153984062,closed,diag_closed_c1_s0_instrumented
20,1,0,12.417887926,0.0,0.0,2.259103984,2.256832026,closed,diag_closed_c1_s0_instrumented
21,1,0,12.182144046,0.0,0.0,2.354400009,2.298592016,closed,diag_closed_c1_s0_instrumented
22,1,0,12.279872179,0.0,0.0,2.316767931,2.15846397,closed,diag_closed_c1_s0_instrumented
23,1,0,12.563679934,0.0,0.0,2.222752005,2.152607992,closed,diag_closed_c1_s0_instrumented
24,1,0,12.490048051,0.0,0.0,2.282079965,2.294015989,closed,diag_closed_c1_s0_instrumented
25,1,0,12.16972816,0.0,0.0,2.309280008,2.365983963,closed,diag_closed_c1_s0_instrumented
26,1,0,12.251744032,0.0,0.0,2.435871959,2.466176018,closed,diag_closed_c1_s0_instrumented
27,1,0,11.861792088,0.0,0.0,2.249311954,2.196992002,closed,diag_closed_c1_s0_instrumented
28,1,0,11.836256027,0.0,0.0,2.223551959,2.11158403,closed,diag_closed_c1_s0_instrumented
29,1,0,12.217120051,0.0,0.0,2.312415987,2.635168016,closed,diag_closed_c1_s0_instrumented
30,1,0,11.82700789,0.0,0.0,2.389951974,2.746015981,closed,diag_closed_c1_s0_instrumented
31,1,0,12.059903979,0.0,0.0,2.28412804,2.6752,closed,diag_closed_c1_s0_instrumented
32,1,0,12.073600173,0.0,0.0,2.24041602,2.109119982,closed,diag_closed_c1_s0_instrumented
33,1,0,11.824992061,0.0,0.0,2.237792015,2.153056003,closed,diag_closed_c1_s0_instrumented
34,1,0,11.690623879,0.0,0.0,2.230112016,2.205791995,closed,diag_closed_c1_s0_instrumented
35,1,0,12.239776015,0.0,0.0,2.33295998,2.359584048,closed,diag_closed_c1_s0_instrumented
36,1,0,11.872928023,0.0,0.0,2.251488,2.217728049,closed,diag_closed_c1_s0_instrumented
37,1,0,11.639840007,0.0,0.0,2.239968002,2.266176015,closed,diag_closed_c1_s0_instrumented
38,1,0,11.995967865,0.0,0.0,2.196352005,2.160768025,closed,diag_closed_c1_s0_instrumented
39,1,0,12.442816138,0.0,0.0,2.221055984,2.40441604,closed,diag_closed_c1_s0_instrumented
40,1,0,12.309952259,0.0,0.0,2.241183996,2.169055998,closed,diag_closed_c1_s0_instrumented
41,1,0,11.604607821,0.0,0.0,2.27164796,2.368063986,closed,diag_closed_c1_s0_instrumented
42,1,0,12.096192122,0.0,0.0,2.198175997,2.18499203,closed,diag_closed_c1_s0_instrumented
43,1,0,11.626207948,0.0,0.0,2.22083199,2.209600031,closed,diag_closed_c1_s0_instrumented
44,1,0,12.038143754,0.0,0.0,2.194976002,2.15392001,closed,diag_closed_c1_s0_instrumented
45,1,0,11.947808027,0.0,0.0,2.221855998,2.300703987,closed,diag_closed_c1_s0_instrumented
46,1,0,12.046144128,0.0,0.0,2.352832019,2.347328007,closed,diag_closed_c1_s0_instrumented
47,1,0,12.314303875,0.0,0.0,2.250975996,2.269088008,closed,diag_closed_c1_s0_instrumented
48,1,0,11.569728017,0.0,0.0,2.242303997,2.343103997,closed,diag_closed_c1_s0_instrumented
49,1,0,12.232319951,0.0,0.0,2.32032001,2.297632009,closed,diag_closed_c1_s0_instrumented
50,1,0,11.6081599,0.0,0.0,2.214304,2.274208032,closed,diag_closed_c1_s0_instrumented
51,1,0,12.049504042,0.0,0.0,2.236928016,2.330623977,closed,diag_closed_c1_s0_instrumented
52,1,0,12.360671878,0.0,0.0,2.414688021,2.265567973,closed,diag_closed_c1_s0_instrumented
53,1,0,11.584416032,0.0,0.0,2.261311978,2.303872034,closed,diag_closed_c1_s0_instrumented
54,1,0,11.867328048,0.0,0.0,2.249343991,2.227008,closed,diag_closed_c1_s0_instrumented
55,1,0,11.943168044,0.0,0.0,2.241439968,2.321888015,closed,diag_closed_c1_s0_instrumented
56,1,0,12.053727984,0.0,0.0,2.212704003,2.231135994,closed,diag_closed_c1_s0_instrumented
57,1,0,12.199455976,0.0,0.0,2.245024025,2.186848,closed,diag_closed_c1_s0_instrumented
58,1,0,12.26752007,0.0,0.0,2.398560047,2.351200029,closed,diag_closed_c1_s0_instrumented
59,1,0,12.00326395,0.0,0.0,2.261792004,2.385056019,closed,diag_closed_c1_s0_instrumented
60,1,0,11.585663795,0.0,0.0,2.225471973,2.24105601,closed,diag_closed_c1_s0_instrumented
61,1,0,12.202655911,0.0,0.0,2.204127997,2.226655997,closed,diag_closed_c1_s0_instrumented
62,1,0,12.440800071,0.0,0.0,2.33423999,2.231999978,closed,diag_closed_c1_s0_instrumented
63,1,0,11.619743943,0.0,0.0,2.205375999,2.183232017,closed,diag_closed_c1_s0_instrumented
64,1,0,12.472863913,0.0,0.0,2.359807968,2.250591993,closed,diag_closed_c1_s0_instrumented
65,1,0,12.237824202,0.0,0.0,2.278304011,2.325471997,closed,diag_closed_c1_s0_instrumented
66,1,0,12.262912035,0.0,0.0,2.289343983,2.20515202,closed,diag_closed_c1_s0_instrumented
67,1,0,11.716127872,0.0,0.0,2.231328011,2.157536015,closed,diag_closed_c1_s0_instrumented
68,1,0,13.199039936,0.0,0.0,2.275200009,2.33827202,closed,diag_closed_c1_s0_instrumented
69,1,0,11.684384227,0.0,0.0,2.487808049,2.244736023,closed,diag_closed_c1_s0_instrumented
70,1,0,11.614495993,0.0,0.0,2.241088003,2.413407996,closed,diag_closed_c1_s0_instrumented
71,1,0,12.283360004,0.0,0.0,2.341792017,2.184863999,closed,diag_closed_c1_s0_instrumented
72,1,0,11.60502398,0.0,0.0,2.194783986,2.321247995,closed,diag_closed_c1_s0_instrumented
73,1,0,11.820224166,0.0,0.0,2.207520008,2.160255969,closed,diag_closed_c1_s0_instrumented
74,1,0,11.990144014,0.0,0.0,2.370976031,2.294367999,closed,diag_closed_c1_s0_instrumented
75,1,0,12.053824067,0.0,0.0,2.235263973,2.521504045,closed,diag_closed_c1_s0_instrumented
76,1,0,11.784096003,0.0,0.0,2.242208034,2.229311988,closed,diag_closed_c1_s0_instrumented
77,1,0,11.974720001,0.0,0.0,2.20636797,2.189503983,closed,diag_closed_c1_s0_instrumented
78,1,0,12.005120039,0.0,0.0,2.298528016,2.330655992,closed,diag_closed_c1_s0_instrumented
79,1,0,11.826016068,0.0,0.0,2.391616017,2.227808021,closed,diag_closed_c1_s0_instrumented
80,1,0,11.995839953,0.0,0.0,2.234080017,2.126752011,closed,diag_closed_c1_s0_instrumented
81,1,0,11.622400045,0.0,0.0,2.214463979,2.182816014,closed,diag_closed_c1_s0_instrumented
82,1,0,12.299808025,0.0,0.0,2.338367999,2.363840006,closed,diag_closed_c1_s0_instrumented
83,1,0,11.933952093,0.0,0.0,2.29916802,2.325984031,closed,diag_closed_c1_s0_instrumented
84,1,0,11.606528044,0.0,0.0,2.218144,2.19398398,closed,diag_closed_c1_s0_instrumented
85,1,0,12.666880012,0.0,0.0,2.287776023,2.285344034,closed,diag_closed_c1_s0_instrumented
86,1,0,11.944031954,0.0,0.0,2.213280022,2.232672013,closed,diag_closed_c1_s0_instrumented
87,1,0,12.21657598,0.0,0.0,2.470495969,2.275359996,closed,diag_closed_c1_s0_instrumented
88,1,0,11.887744308,0.0,0.0,2.219648004,2.176351994,closed,diag_closed_c1_s0_instrumented
89,1,0,11.995808125,0.0,0.0,2.200991988,2.23417601,closed,diag_closed_c1_s0_instrumented
90,1,0,12.606976032,0.0,0.0,2.323007971,2.319264017,closed,diag_closed_c1_s0_instrumented
91,1,0,11.831168056,0.0,0.0,2.231743962,2.283487998,closed,diag_closed_c1_s0_instrumented
92,1,0,12.956799746,0.0,0.0,2.26454398,2.412832007,closed,diag_closed_c1_s0_instrumented
93,1,0,11.794719815,0.0,0.0,2.208703965,2.237151973,closed,diag_closed_c1_s0_instrumented
94,1,0,12.045375824,0.0,0.0,2.48467201,2.236960024,closed,diag_closed_c1_s0_instrumented
95,1,0,11.630815983,0.0,0.0,2.241088003,2.37708801,closed,diag_closed_c1_s0_instrumented
96,1,0,11.980704069,0.0,0.0,2.318880022,2.29542397,closed,diag_closed_c1_s0_instrumented
97,1,0,12.155743837,0.0,0.0,2.222751975,2.306208,closed,diag_closed_c1_s0_instrumented
98,1,0,11.586752057,0.0,0.0,2.244224012,2.233791977,closed,diag_closed_c1_s0_instrumented
99,1,0,11.952576041,0.0,0.0,2.287648022,2.26099202,closed,diag_closed_c1_s0_instrumented
100,1,0,11.964320064,0.0,0.0,2.209407985,2.18559996,closed,diag_closed_c1_s0_instrumented
1,1,1,12.793823838,2.025664017,52.385727882,2.949408025,2.664448008,closed,diag_closed_c1_s1_instrumented
2,1,1,12.343423963,1.431200013,55.120352268,1.889919996,2.421247989,closed,diag_closed_c1_s1_instrumented
3,1,1,11.785888195,1.467840016,54.484191895,1.938976005,2.50220798,closed,diag_closed_c1_s1_instrumented
4,1,1,13.43414402,1.446015999,46.864543915,1.858751997,2.427935988,closed,diag_closed_c1_s1_instrumented
5,1,1,12.804159999,1.403871983,44.676000118,1.920768023,2.321472004,closed,diag_closed_c1_s1_instrumented
6,1,1,12.38332808,1.385407999,45.46284771,1.909472004,2.343520015,closed,diag_closed_c1_s1_instrumented
7,1,1,13.192287922,1.400671989,44.815775394,1.85808,2.292927995,closed,diag_closed_c1_s1_instrumented
8,1,1,12.895615935,1.414687976,44.111935616,1.890272006,2.499648005,closed,diag_closed_c1_s1_instrumented
9,1,1,13.311455965,1.467455983,44.182623863,2.137759998,2.264096007,closed,diag_closed_c1_s1_instrumented
10,1,1,12.213248014,1.436864004,43.868512154,1.862463996,2.317503974,closed,diag_closed_c1_s1_instrumented
11,1,1,12.175296068,1.479519993,53.240800381,1.860032007,2.322432056,closed,diag_closed_c1_s1_instrumented
12,1,1,12.314304113,1.438464001,43.553183079,1.931872025,2.566336021,closed,diag_closed_c1_s1_instrumented
13,1,1,12.009855986,1.470880002,53.006272316,1.944352001,2.642527983,closed,diag_closed_c1_s1_instrumented
14,1,1,11.74496007,1.498815984,44.877791882,1.906528011,2.475455984,closed,diag_closed_c1_s1_instrumented
15,1,1,12.27065599,1.492223993,43.820191383,1.925568014,2.537279978,closed,diag_closed_c1_s1_instrumented
16,1,1,12.866143942,1.420000002,48.454303741,1.876768008,2.577055961,closed,diag_closed_c1_s1_instrumented
17,1,1,13.127519846,1.457183987,43.611296177,1.895648003,2.286304027,closed,diag_closed_c1_s1_instrumented
18,1,1,12.440512061,1.436191976,43.851840019,1.862239987,2.329920009,closed,diag_closed_c1_s1_instrumented
19,1,1,11.641023874,1.410016,44.906335354,1.898687989,2.320480019,closed,diag_closed_c1_s1_instrumented
20,1,1,12.305984139,1.459519997,45.388959885,1.861503989,2.364063963,closed,diag_closed_c1_s1_instrumented
21,1,1,12.82300806,1.423231989,44.266144276,1.85843198,2.400351956,closed,diag_closed_c1_s1_instrumented
22,1,1,11.626335859,1.487488031,42.789504051,1.846176013,2.385984004,closed,diag_closed_c1_s1_instrumented
23,1,1,12.06131196,1.421056002,43.347199917,1.844191998,2.303199977,closed,diag_closed_c1_s1_instrumented
24,1,1,11.767264009,1.416032016,48.274944305,1.850207984,2.337344006,closed,diag_closed_c1_s1_instrumented
25,1,1,12.28937602,1.45337601,42.76009655,1.83423999,2.341152012,closed,diag_closed_c1_s1_instrumented
26,1,1,11.624223948,1.498623997,43.910879612,1.861280009,2.361023992,closed,diag_closed_c1_s1_instrumented
27,1,1,11.572448015,1.453759998,43.234112263,1.906975999,2.347615972,closed,diag_closed_c1_s1_instrumented
28,1,1,12.011583805,1.472479984,45.193536282,1.810496017,2.31740801,closed,diag_closed_c1_s1_instrumented
29,1,1,11.561152101,1.438495994,43.399327755,1.836832032,2.349887967,closed,diag_closed_c1_s1_instrumented
30,1,1,11.643967748,1.43478398,42.961920261,1.84182401,2.380704015,closed,diag_closed_c1_s1_instrumented
31,1,1,12.022304058,1.424127996,43.63001585,1.84316799,2.370079994,closed,diag_closed_c1_s1_instrumented
32,1,1,11.626367927,1.381024003,45.34444809,1.859680027,2.329920009,closed,diag_closed_c1_s1_instrumented
33,1,1,11.669152141,1.418400005,43.737919807,1.823295996,2.282687992,closed,diag_closed_c1_s1_instrumented
34,1,1,11.670655966,1.423071995,46.794303417,1.826303989,2.389504015,closed,diag_closed_c1_s1_instrumented
35,1,1,11.876032114,1.416896001,43.153887272,1.828288004,2.882400006,closed,diag_closed_c1_s1_instrumented
36,1,1,11.61254406,1.512735978,43.5416646,1.818943977,2.288447991,closed,diag_closed_c1_s1_instrumented
37,1,1,11.658400059,1.406495988,43.004255772,1.85948801,2.359584019,closed,diag_closed_c1_s1_instrumented
38,1,1,11.658015966,1.422240004,42.631135464,1.860032007,2.322720021,closed,diag_closed_c1_s1_instrumented
39,1,1,11.606912136,1.436927974,43.764799595,1.853183985,2.368831992,closed,diag_closed_c1_s1_instrumented
40,1,1,11.614975929,1.435327992,44.042208672,1.87184,2.31209603,closed,diag_closed_c1_s1_instrumented
41,1,1,11.669247985,1.551968008,43.14259243,1.836991996,2.330431998,closed,diag_closed_c1_s1_instrumented
42,1,1,11.778079867,1.425055981,43.101760387,1.842848003,2.420255989,closed,diag_closed_c1_s1_instrumented
43,1,1,11.799040198,1.488576025,51.622816086,1.831647992,2.369504035,closed,diag_closed_c1_s1_instrumented
44,1,1,11.577184081,1.417952001,43.262208462,1.870591968,2.366912007,closed,diag_closed_c1_s1_instrumented
45,1,1,11.605600119,1.557344005,44.064735889,1.818048,2.317536041,closed,diag_closed_c1_s1_instrumented
46,1,1,11.781375885,1.481247991,43.157280445,1.807711989,2.335167974,closed,diag_closed_c1_s1_instrumented
47,1,1,11.718335867,1.455200002,43.855679512,1.834431976,2.326016009,closed,diag_closed_c1_s1_instrumented
48,1,1,11.904256225,1.388351992,43.203743935,1.817663997,2.341567978,closed,diag_closed_c1_s1_instrumented
49,1,1,12.146816015,1.435264021,42.607167721,1.850848034,2.368160009,closed,diag_closed_c1_s1_instrumented
50,1,1,11.651615977,1.466080025,43.208607674,1.825920016,2.329280019,closed,diag_closed_c1_s1_instrumented
51,1,1,11.658591866,1.454687998,43.409823418,1.834463999,2.308992013,closed,diag_closed_c1_s1_instrumented
52,1,1,11.69228816,1.457151994,44.52300787,1.879423991,2.289439961,closed,diag_closed_c1_s1_instrumented
53,1,1,12.550463915,1.424127996,43.736480236,1.919744015,2.377280012,closed,diag_closed_c1_s1_instrumented
54,1,1,11.842431903,1.457376003,42.678432465,1.82976,2.325023979,closed,diag_closed_c1_s1_instrumented
55,1,1,11.810367942,1.393536001,43.170656204,1.855872005,2.505664006,closed,diag_closed_c1_s1_instrumented
56,1,1,11.69273591,1.444992006,43.265824318,1.822496012,2.346143976,closed,diag_closed_c1_s1_instrumented
57,1,1,11.633952141,1.413471997,42.65583992,1.886175975,2.337311998,closed,diag_closed_c1_s1_instrumented
58,1,1,11.668352008,1.460863993,42.927488327,1.821279988,2.351040021,closed,diag_closed_c1_s1_instrumented
59,1,1,11.868639946,1.56159997,43.131392479,1.873696014,2.349824011,closed,diag_closed_c1_s1_instrumented
60,1,1,11.879040122,1.427936018,46.737792969,1.827327982,2.280896023,closed,diag_closed_c1_s1_instrumented
61,1,1,11.632575989,1.459935993,42.830560684,1.82620801,2.303967983,closed,diag_closed_c1_s1_instrumented
62,1,1,11.915680051,1.478975996,42.808576107,1.832767978,2.320575997,closed,diag_closed_c1_s1_instrumented
63,1,1,11.836704016,1.476255998,44.599807739,1.860768005,2.40249595,closed,diag_closed_c1_s1_instrumented
64,1,1,11.813120127,1.503135994,43.68166399,1.917183965,2.494176015,closed,diag_closed_c1_s1_instrumented
65,1,1,11.600224137,1.449952006,43.926047325,1.832831994,2.363904044,closed,diag_closed_c1_s1_instrumented
66,1,1,12.338016033,1.547455996,42.713664055,1.827327996,2.317568004,closed,diag_closed_c1_s1_instrumented
67,1,1,11.595136046,1.461600006,43.443039894,1.817472011,2.30918403,closed,diag_closed_c1_s1_instrumented
68,1,1,11.662047982,1.400255993,43.389408112,1.837952003,2.304448038,closed,diag_closed_c1_s1_instrumented
69,1,1,11.970912099,1.489279985,42.676608086,1.858240008,2.338208005,closed,diag_closed_c1_s1_instrumented
70,1,1,11.982111812,1.485408008,44.995391846,1.880863979,2.535776004,closed,diag_closed_c1_s1_instrumented
71,1,1,11.99375999,1.437344015,45.111680031,1.876544014,2.270559967,closed,diag_closed_c1_s1_instrumented
72,1,1,11.973664045,1.473375991,42.981119633,1.839616016,2.258400008,closed,diag_closed_c1_s1_instrumented
73,1,1,12.441919923,1.446431994,43.438239098,1.871104002,2.368576035,closed,diag_closed_c1_s1_instrumented
74,1,1,11.954656005,1.427231982,43.158976555,1.824672014,2.341568008,closed,diag_closed_c1_s1_instrumented
75,1,1,11.642239928,1.450240016,43.934112072,1.871455997,2.418816015,closed,diag_closed_c1_s1_instrumented
76,1,1,11.576511979,1.457823992,44.613696098,1.891840011,2.416064024,closed,diag_closed_c1_s1_instrumented
77,1,1,12.023839831,1.410400018,43.278655529,1.818783998,2.327328026,closed,diag_closed_c1_s1_instrumented
78,1,1,11.561727881,1.459647998,44.38515234,1.859392002,2.354752034,closed,diag_closed_c1_s1_instrumented
79,1,1,12.171903968,1.416672006,44.414559841,1.879904002,2.332384005,closed,diag_closed_c1_s1_instrumented
80,1,1,11.982464075,1.464896008,44.544191837,1.826655969,2.389408067,closed,diag_closed_c1_s1_instrumented
81,1,1,12.004768014,1.400832012,61.189311028,1.871231973,2.358239993,closed,diag_closed_c1_s1_instrumented
82,1,1,11.58060801,1.70159997,44.180768013,1.874400005,2.330880031,closed,diag_closed_c1_s1_instrumented
83,1,1,11.808063865,1.403360009,47.522975445,1.870496005,2.343392,closed,diag_closed_c1_s1_instrumented
84,1,1,11.994112134,1.405855998,42.841599941,1.82748799,2.36879997,closed,diag_closed_c1_s1_instrumented
85,1,1,11.963712096,1.423264012,44.270719528,1.921855986,2.441184014,closed,diag_closed_c1_s1_instrumented
86,1,1,11.578783989,1.473248005,43.942816257,1.88908799,2.395551994,closed,diag_closed_c1_s1_instrumented
87,1,1,11.829152107,1.469088003,43.749695301,1.853055999,2.277439997,closed,diag_closed_c1_s1_instrumented
88,1,1,11.648607969,1.48105602,57.93257618,1.840031981,2.308288008,closed,diag_closed_c1_s1_instrumented
89,1,1,12.116063833,1.483296022,43.271552563,1.818880007,2.43747206,closed,diag_closed_c1_s1_instrumented
90,1,1,11.649343967,1.500864014,42.876768589,1.833728015,2.372031987,closed,diag_closed_c1_s1_instrumented
91,1,1,11.652928114,1.417472005,43.330911636,1.84416002,2.302271977,closed,diag_closed_c1_s1_instrumented
92,1,1,11.792736053,1.451455995,43.943007469,1.851200014,2.359327987,closed,diag_closed_c1_s1_instrumented
93,1,1,11.65526402,1.446975976,44.390207767,1.844544008,2.333376035,closed,diag_closed_c1_s1_instrumented
94,1,1,11.611007929,1.465823993,43.407616138,1.817311987,2.347583964,closed,diag_closed_c1_s1_instrumented
95,1,1,12.43769598,1.461312011,44.205952168,1.849504009,2.411615983,closed,diag_closed_c1_s1_instrumented
96,1,1,11.762783885,1.468864009,49.765664101,1.821983993,2.385920033,closed,diag_closed_c1_s1_instrumented
97,1,1,11.848768115,1.469024017,44.59324789,1.820896,2.321055993,closed,diag_closed_c1_s1_instrumented
98,1,1,11.573823929,1.402687967,50.967328072,1.836159974,2.354752034,closed,diag_closed_c1_s1_instrumented
99,1,1,11.581344128,1.473215997,42.868319988,1.816736013,2.346528023,closed,diag_closed_c1_s1_instrumented
100,1,1,11.645504117,1.407231987,43.09228754,1.826016009,2.398880005,closed,diag_closed_c1_s1_instrumented
