bounce,paths,compaction,sorting,paired,unique,keys_checked,keys_match,nondecreasing,case,run_id,before_warps,before_mixed_warps,before_transitions,before_diffuse,before_specular,before_emissive,before_miss,before_terminated,after_warps,after_mixed_warps,after_transitions,after_diffuse,after_specular,after_emissive,after_miss,after_terminated
1,640000,0,0,True,True,False,True,False,open,diag_open_c0_s0_instrumented,20000,603,740,581055,41805,17140,0,0,20000,603,740,581055,41805,17140,0,0
2,640000,0,0,True,True,False,True,False,open,diag_open_c0_s0_instrumented,20000,18609,196501,496298,32740,10621,83201,17140,20000,18609,196501,496298,32740,10621,83201,17140
3,640000,0,0,True,True,False,True,False,open,diag_open_c0_s0_instrumented,20000,19344,305993,415212,24568,8723,80535,110962,20000,19344,305993,415212,24568,8723,80535,110962
4,640000,0,0,True,True,False,True,False,open,diag_open_c0_s0_instrumented,20000,19340,363417,341051,21178,7262,70289,200220,20000,19340,363417,341051,21178,7262,70289,200220
5,640000,0,0,True,True,False,True,False,open,diag_open_c0_s0_instrumented,20000,19334,373911,280087,17177,5911,59054,277771,20000,19334,373911,280087,17177,5911,59054,277771
6,640000,0,0,True,True,False,True,False,open,diag_open_c0_s0_instrumented,20000,19328,358206,229332,14320,4902,48710,342736,20000,19328,358206,229332,14320,4902,48710,342736
7,640000,0,0,True,True,False,True,False,open,diag_open_c0_s0_instrumented,20000,19326,328371,187891,11575,3948,40238,396348,20000,19326,328371,187891,11575,3948,40238,396348
8,640000,0,0,True,True,False,True,False,open,diag_open_c0_s0_instrumented,20000,19319,292115,153910,9705,3241,32610,440534,20000,19319,292115,153910,9705,3241,32610,440534
1,640000,0,1,True,True,True,True,True,open,diag_open_c0_s1_instrumented,20000,603,740,581055,41805,17140,0,0,20000,2,2,581055,41805,17140,0,0
2,640000,0,1,True,True,True,True,True,open,diag_open_c0_s1_instrumented,20000,18328,196300,496298,32740,10621,83201,17140,20000,4,4,496298,32740,10621,83201,17140
3,640000,0,1,True,True,True,True,True,open,diag_open_c0_s1_instrumented,20000,16501,187859,415212,24568,8723,80535,110962,20000,4,4,415212,24568,8723,80535,110962
4,640000,0,1,True,True,True,True,True,open,diag_open_c0_s1_instrumented,20000,13722,162203,341051,21178,7262,70289,200220,20000,4,4,341051,21178,7262,70289,200220
5,640000,0,1,True,True,True,True,True,open,diag_open_c0_s1_instrumented,20000,11305,134332,280087,17177,5911,59054,277771,20000,4,4,280087,17177,5911,59054,277771
6,640000,0,1,True,True,True,True,True,open,diag_open_c0_s1_instrumented,20000,9280,111342,229332,14320,4902,48710,342736,20000,4,4,229332,14320,4902,48710,342736
7,640000,0,1,True,True,True,True,True,open,diag_open_c0_s1_instrumented,20000,7610,91331,187891,11575,3948,40238,396348,20000,4,4,187891,11575,3948,40238,396348
8,640000,0,1,True,True,True,True,True,open,diag_open_c0_s1_instrumented,20000,6232,74806,153910,9705,3241,32610,440534,20000,4,4,153910,9705,3241,32610,440534
1,640000,1,0,True,True,False,True,False,open,diag_open_c1_s0_instrumented,20000,603,740,581055,41805,17140,0,0,20000,603,740,581055,41805,17140,0,0
2,622860,1,0,True,True,False,True,False,open,diag_open_c1_s0_instrumented,19465,18489,196315,496298,32740,10621,83201,0,19465,18489,196315,496298,32740,10621,83201,0
3,529038,1,0,True,True,False,True,False,open,diag_open_c1_s0_instrumented,16533,16516,188422,415212,24568,8723,80535,0,16533,16516,188422,415212,24568,8723,80535,0
4,439780,1,0,True,True,False,True,False,open,diag_open_c1_s0_instrumented,13744,13736,162590,341051,21178,7262,70289,0,13744,13736,162590,341051,21178,7262,70289,0
5,362229,1,0,True,True,False,True,False,open,diag_open_c1_s0_instrumented,11320,11314,134693,280087,17177,5911,59054,0,11320,11314,134693,280087,17177,5911,59054,0
6,297264,1,0,True,True,False,True,False,open,diag_open_c1_s0_instrumented,9290,9290,111399,229332,14320,4902,48710,0,9290,9290,111399,229332,14320,4902,48710,0
7,243652,1,0,True,True,False,True,False,open,diag_open_c1_s0_instrumented,7615,7614,91538,187891,11575,3948,40238,0,7615,7614,91538,187891,11575,3948,40238,0
8,199466,1,0,True,True,False,True,False,open,diag_open_c1_s0_instrumented,6234,6234,74958,153910,9705,3241,32610,0,6234,6234,74958,153910,9705,3241,32610,0
1,640000,1,1,True,True,True,True,True,open,diag_open_c1_s1_instrumented,20000,603,740,581055,41805,17140,0,0,20000,2,2,581055,41805,17140,0,0
2,622860,1,1,True,True,True,True,True,open,diag_open_c1_s1_instrumented,19465,18327,196299,496298,32740,10621,83201,0,19465,3,3,496298,32740,10621,83201,0
3,529038,1,1,True,True,True,True,True,open,diag_open_c1_s1_instrumented,16533,16501,187858,415212,24568,8723,80535,0,16533,3,3,415212,24568,8723,80535,0
4,439780,1,1,True,True,True,True,True,open,diag_open_c1_s1_instrumented,13744,13721,162202,341051,21178,7262,70289,0,13744,3,3,341051,21178,7262,70289,0
5,362229,1,1,True,True,True,True,True,open,diag_open_c1_s1_instrumented,11320,11305,134331,280087,17177,5911,59054,0,11320,3,3,280087,17177,5911,59054,0
6,297264,1,1,True,True,True,True,True,open,diag_open_c1_s1_instrumented,9290,9280,111341,229332,14320,4902,48710,0,9290,3,3,229332,14320,4902,48710,0
7,243652,1,1,True,True,True,True,True,open,diag_open_c1_s1_instrumented,7615,7609,91330,187891,11575,3948,40238,0,7615,3,3,187891,11575,3948,40238,0
8,199466,1,1,True,True,True,True,True,open,diag_open_c1_s1_instrumented,6234,6232,74805,153910,9705,3241,32610,0,6234,3,3,153910,9705,3241,32610,0
1,640000,0,0,True,True,False,True,False,closed,diag_closed_c0_s0_instrumented,20000,603,740,581055,41805,17140,0,0,20000,603,740,581055,41805,17140,0,0
2,640000,0,0,True,True,False,True,False,closed,diag_closed_c0_s0_instrumented,20000,15830,78618,579499,32740,10621,0,17140,20000,15830,78618,579499,32740,10621,0,17140
3,640000,0,0,True,True,False,True,False,closed,diag_closed_c0_s0_instrumented,20000,17790,90734,573803,28027,10409,0,27761,20000,17790,90734,573803,28027,10409,0,27761
4,640000,0,0,True,True,False,True,False,closed,diag_closed_c0_s0_instrumented,20000,18551,108644,563655,27860,10315,0,38170,20000,18551,108644,563655,27860,10315,0,38170
5,640000,0,0,True,True,False,True,False,closed,diag_closed_c0_s0_instrumented,20000,18960,123581,554853,26708,9954,0,48485,20000,18960,123581,554853,26708,9954,0,48485
6,640000,0,0,True,True,False,True,False,closed,diag_closed_c0_s0_instrumented,20000,19191,139636,545133,26453,9975,0,58439,20000,19191,139636,545133,26453,9975,0,58439
7,640000,0,0,True,True,False,True,False,closed,diag_closed_c0_s0_instrumented,20000,19344,153814,536366,25589,9631,0,68414,20000,19344,153814,536366,25589,9631,0,68414
8,640000,0,0,True,True,False,True,False,closed,diag_closed_c0_s0_instrumented,20000,19426,168627,526673,25612,9670,0,78045,20000,19426,168627,526673,25612,9670,0,78045
1,640000,0,1,True,True,True,True,True,closed,diag_closed_c0_s1_instrumented,20000,603,740,581055,41805,17140,0,0,20000,2,2,581055,41805,17140,0,0
2,640000,0,1,True,True,True,True,True,closed,diag_closed_c0_s1_instrumented,20000,15680,78419,579499,32740,10621,0,17140,20000,3,3,579499,32740,10621,0,17140
3,640000,0,1,True,True,True,True,True,closed,diag_closed_c0_s1_instrumented,20000,16226,72801,573803,28027,10409,0,27761,20000,3,3,573803,28027,10409,0,27761
4,640000,0,1,True,True,True,True,True,closed,diag_closed_c0_s1_instrumented,20000,16237,72223,563655,27860,10315,0,38170,20000,3,3,563655,27860,10315,0,38170
5,640000,0,1,True,True,True,True,True,closed,diag_closed_c0_s1_instrumented,20000,15876,69467,554853,26708,9954,0,48485,20000,3,3,554853,26708,9954,0,48485
6,640000,0,1,True,True,True,True,True,closed,diag_closed_c0_s1_instrumented,20000,15622,68935,545133,26453,9975,0,58439,20000,3,3,545133,26453,9975,0,58439
7,640000,0,1,True,True,True,True,True,closed,diag_closed_c0_s1_instrumented,20000,15348,66782,536366,25589,9631,0,68414,20000,3,3,536366,25589,9631,0,68414
8,640000,0,1,True,True,True,True,True,closed,diag_closed_c0_s1_instrumented,20000,15217,67016,526673,25612,9670,0,78045,20000,3,3,526673,25612,9670,0,78045
1,640000,1,0,True,True,False,True,False,closed,diag_closed_c1_s0_instrumented,20000,603,740,581055,41805,17140,0,0,20000,603,740,581055,41805,17140,0,0
2,622860,1,0,True,True,False,True,False,closed,diag_closed_c1_s0_instrumented,19465,15763,78420,579499,32740,10621,0,0,19465,15763,78420,579499,32740,10621,0,0
3,612239,1,0,True,True,False,True,False,closed,diag_closed_c1_s0_instrumented,19133,16563,72948,573803,28027,10409,0,0,19133,16563,72948,573803,28027,10409,0,0
4,601830,1,0,True,True,False,True,False,closed,diag_closed_c1_s0_instrumented,18808,16509,72361,563655,27860,10315,0,0,18808,16509,72361,563655,27860,10315,0,0
5,591515,1,0,True,True,False,True,False,closed,diag_closed_c1_s0_instrumented,18485,16138,69594,554853,26708,9954,0,0,18485,16138,69594,554853,26708,9954,0,0
6,581561,1,0,True,True,False,True,False,closed,diag_closed_c1_s0_instrumented,18174,15852,69015,545133,26453,9975,0,0,18174,15852,69015,545133,26453,9975,0,0
7,571586,1,0,True,True,False,True,False,closed,diag_closed_c1_s0_instrumented,17863,15553,66939,536366,25589,9631,0,0,17863,15553,66939,536366,25589,9631,0,0
8,561955,1,0,True,True,False,True,False,closed,diag_closed_c1_s0_instrumented,17562,15391,67092,526673,25612,9670,0,0,17562,15391,67092,526673,25612,9670,0,0
1,640000,1,1,True,True,True,True,True,closed,diag_closed_c1_s1_instrumented,20000,603,740,581055,41805,17140,0,0,20000,2,2,581055,41805,17140,0,0
2,622860,1,1,True,True,True,True,True,closed,diag_closed_c1_s1_instrumented,19465,15679,78418,579499,32740,10621,0,0,19465,2,2,579499,32740,10621,0,0
3,612239,1,1,True,True,True,True,True,closed,diag_closed_c1_s1_instrumented,19133,16225,72800,573803,28027,10409,0,0,19133,2,2,573803,28027,10409,0,0
4,601830,1,1,True,True,True,True,True,closed,diag_closed_c1_s1_instrumented,18808,16236,72222,563655,27860,10315,0,0,18808,2,2,563655,27860,10315,0,0
5,591515,1,1,True,True,True,True,True,closed,diag_closed_c1_s1_instrumented,18485,15875,69466,554853,26708,9954,0,0,18485,2,2,554853,26708,9954,0,0
6,581561,1,1,True,True,True,True,True,closed,diag_closed_c1_s1_instrumented,18174,15621,68934,545133,26453,9975,0,0,18174,2,2,545133,26453,9975,0,0
7,571586,1,1,True,True,True,True,True,closed,diag_closed_c1_s1_instrumented,17863,15347,66781,536366,25589,9631,0,0,17863,2,2,536366,25589,9631,0,0
8,561955,1,1,True,True,True,True,True,closed,diag_closed_c1_s1_instrumented,17562,15216,67015,526673,25612,9670,0,0,17562,2,2,526673,25612,9670,0,0
