run_id,case,role,stream_compaction,material_sorting,compaction_field_present,sorting_field_present,antialiasing,width,height,samples_per_pixel,depth,elapsed_seconds,exit_code,started_at_utc,ended_at_utc,scene,scene_sha256,image,image_sha256,executable_sha256,stdout,stderr
warm_open_c0_s0,open,warmup,False,False,True,True,True,800,800,100,8,2.754709,0,2026-09-24T05:09:21.400143+00:00,2026-09-24T05:09:24.169832+00:00,scenes/warm_open_c0_s0.json,EE1379D41A748AB87BA877182A22EDF56922FC8498D0B4DA7A1AB767364D4430,raw_runs/warm_open_c0_s0/warm_open_c0_s0.2026-09-24_05-09-21z.100samp.png,291180E20C1AC60A798E2016EF574D6B7065E8B17647D1F223BC5A87EF5EF7AC,1B80A5666C2B4FE17DFBF999CAC77124DCE99B768B0DAFD9536557740FD3E843,raw_runs/warm_open_c0_s0/stdout.log,raw_runs/warm_open_c0_s0/stderr.log
warm_open_c0_s1,open,warmup,False,True,True,True,True,800,800,100,8,7.244941,0,2026-09-24T05:09:24.308019+00:00,2026-09-24T05:09:31.554088+00:00,scenes/warm_open_c0_s1.json,573AEE2982C23FBB650C9CA794ECD43815DD3C96832387FA9A78E9B4EAE5E7C5,raw_runs/warm_open_c0_s1/warm_open_c0_s1.2026-09-24_05-09-24z.100samp.png,291180E20C1AC60A798E2016EF574D6B7065E8B17647D1F223BC5A87EF5EF7AC,1B80A5666C2B4FE17DFBF999CAC77124DCE99B768B0DAFD9536557740FD3E843,raw_runs/warm_open_c0_s1/stdout.log,raw_runs/warm_open_c0_s1/stderr.log
warm_open_c1_s0,open,warmup,True,False,True,True,True,800,800,100,8,2.340782,0,2026-09-24T05:09:31.690813+00:00,2026-09-24T05:09:34.032514+00:00,scenes/warm_open_c1_s0.json,06E97A27DEB5922F857C4B753B62A1B0A931F76C3FBBF879CC7C89E3C5617964,raw_runs/warm_open_c1_s0/warm_open_c1_s0.2026-09-24_05-09-31z.100samp.png,291180E20C1AC60A798E2016EF574D6B7065E8B17647D1F223BC5A87EF5EF7AC,1B80A5666C2B4FE17DFBF999CAC77124DCE99B768B0DAFD9536557740FD3E843,raw_runs/warm_open_c1_s0/stdout.log,raw_runs/warm_open_c1_s0/stderr.log
warm_open_c1_s1,open,warmup,True,True,True,True,True,800,800,100,8,5.813271,0,2026-09-24T05:09:34.158147+00:00,2026-09-24T05:09:39.973729+00:00,scenes/warm_open_c1_s1.json,C9A509296F597959DA8C84A4A2E75C2AEDED29879F7040AE43585B24C00318A8,raw_runs/warm_open_c1_s1/warm_open_c1_s1.2026-09-24_05-09-34z.100samp.png,291180E20C1AC60A798E2016EF574D6B7065E8B17647D1F223BC5A87EF5EF7AC,1B80A5666C2B4FE17DFBF999CAC77124DCE99B768B0DAFD9536557740FD3E843,raw_runs/warm_open_c1_s1/stdout.log,raw_runs/warm_open_c1_s1/stderr.log
warm_closed_c0_s0,closed,warmup,False,False,True,True,True,800,800,100,8,2.837449,0,2026-09-24T05:09:40.101443+00:00,2026-09-24T05:09:42.940965+00:00,scenes/warm_closed_c0_s0.json,9D80F8EC32224464725751EF9891E13F86A512C661113602EE8797495B2CC3D8,raw_runs/warm_closed_c0_s0/warm_closed_c0_s0.2026-09-24_05-09-40z.100samp.png,9444C6A9FE06675C51153E55B823EC77E31ED316C4B4796BE2229C0C13399B24,1B80A5666C2B4FE17DFBF999CAC77124DCE99B768B0DAFD9536557740FD3E843,raw_runs/warm_closed_c0_s0/stdout.log,raw_runs/warm_closed_c0_s0/stderr.log
warm_closed_c0_s1,closed,warmup,False,True,True,True,True,800,800,100,8,7.639579,0,2026-09-24T05:09:43.064625+00:00,2026-09-24T05:09:50.707278+00:00,scenes/warm_closed_c0_s1.json,305DC10D7F7B532CEF2F07781B311D5C10EDCFC0F7FF08588BFD311CD7CE5A08,raw_runs/warm_closed_c0_s1/warm_closed_c0_s1.2026-09-24_05-09-43z.100samp.png,9444C6A9FE06675C51153E55B823EC77E31ED316C4B4796BE2229C0C13399B24,1B80A5666C2B4FE17DFBF999CAC77124DCE99B768B0DAFD9536557740FD3E843,raw_runs/warm_closed_c0_s1/stdout.log,raw_runs/warm_closed_c0_s1/stderr.log
warm_closed_c1_s0,closed,warmup,True,False,True,True,True,800,800,100,8,2.929805,0,2026-09-24T05:09:50.839930+00:00,2026-09-24T05:09:53.773106+00:00,scenes/warm_closed_c1_s0.json,55BF9703A280941F3C133337CC4085AFD7D9EF86A9B90F74CED87A5DA45812FF,raw_runs/warm_closed_c1_s0/warm_closed_c1_s0.2026-09-24_05-09-50z.100samp.png,9444C6A9FE06675C51153E55B823EC77E31ED316C4B4796BE2229C0C13399B24,1B80A5666C2B4FE17DFBF999CAC77124DCE99B768B0DAFD9536557740FD3E843,raw_runs/warm_closed_c1_s0/stdout.log,raw_runs/warm_closed_c1_s0/stderr.log
warm_closed_c1_s1,closed,warmup,True,True,True,True,True,800,800,100,8,7.756259,0,2026-09-24T05:09:53.912638+00:00,2026-09-24T05:10:01.669901+00:00,scenes/warm_closed_c1_s1.json,ADE67838CB548CD389C093E0A7F79CD771BE5D9795D33B31E89D4A0D82C51FA7,raw_runs/warm_closed_c1_s1/warm_closed_c1_s1.2026-09-24_05-09-53z.100samp.png,9444C6A9FE06675C51153E55B823EC77E31ED316C4B4796BE2229C0C13399B24,1B80A5666C2B4FE17DFBF999CAC77124DCE99B768B0DAFD9536557740FD3E843,raw_runs/warm_closed_c1_s1/stdout.log,raw_runs/warm_closed_c1_s1/stderr.log
open_c0_s0_r1,open,benchmark,False,False,True,True,True,800,800,1000,8,19.649543,0,2026-09-24T05:10:01.811246+00:00,2026-09-24T05:10:21.462628+00:00,scenes/open_c0_s0.json,C256EB404D4518FAA6B9761A03D5663D1C32DD7790F832CDAE39FE3CFFC8D3E6,raw_runs/open_c0_s0_r1/open_c0_s0.2026-09-24_05-10-01z.1000samp.png,59C462B0CBE75FE5EA2D2FD96717B7DDDBD5ED3AD6B712B4BF0BD6ED7F006398,1B80A5666C2B4FE17DFBF999CAC77124DCE99B768B0DAFD9536557740FD3E843,raw_runs/open_c0_s0_r1/stdout.log,raw_runs/open_c0_s0_r1/stderr.log
open_c0_s1_r1,open,benchmark,False,True,True,True,True,800,800,1000,8,64.263877,0,2026-09-24T05:10:21.604247+00:00,2026-09-24T05:11:25.867986+00:00,scenes/open_c0_s1.json,44A43A96A54C113AEA424A542E47FF38FB2C9F84E2B2629A68D6739EB881EB5E,raw_runs/open_c0_s1_r1/open_c0_s1.2026-09-24_05-10-21z.1000samp.png,59C462B0CBE75FE5EA2D2FD96717B7DDDBD5ED3AD6B712B4BF0BD6ED7F006398,1B80A5666C2B4FE17DFBF999CAC77124DCE99B768B0DAFD9536557740FD3E843,raw_runs/open_c0_s1_r1/stdout.log,raw_runs/open_c0_s1_r1/stderr.log
open_c1_s0_r1,open,benchmark,True,False,True,True,True,800,800,1000,8,14.886669,0,2026-09-24T05:11:26.021902+00:00,2026-09-24T05:11:40.911923+00:00,scenes/open_c1_s0.json,D8052A2B9EC4356A3C29FFA5F885C529BD72660C3919DA8C6971198FA8C1E8C1,raw_runs/open_c1_s0_r1/open_c1_s0.2026-09-24_05-11-26z.1000samp.png,59C462B0CBE75FE5EA2D2FD96717B7DDDBD5ED3AD6B712B4BF0BD6ED7F006398,1B80A5666C2B4FE17DFBF999CAC77124DCE99B768B0DAFD9536557740FD3E843,raw_runs/open_c1_s0_r1/stdout.log,raw_runs/open_c1_s0_r1/stderr.log
open_c1_s1_r1,open,benchmark,True,True,True,True,True,800,800,1000,8,51.077694,0,2026-09-24T05:11:41.147015+00:00,2026-09-24T05:12:32.226954+00:00,scenes/open_c1_s1.json,51155A2208308695892ADA82677EBCCE118697E1887AAE305B487EA7C836487A,raw_runs/open_c1_s1_r1/open_c1_s1.2026-09-24_05-11-41z.1000samp.png,59C462B0CBE75FE5EA2D2FD96717B7DDDBD5ED3AD6B712B4BF0BD6ED7F006398,1B80A5666C2B4FE17DFBF999CAC77124DCE99B768B0DAFD9536557740FD3E843,raw_runs/open_c1_s1_r1/stdout.log,raw_runs/open_c1_s1_r1/stderr.log
closed_c0_s0_r1,closed,benchmark,False,False,True,True,True,800,800,1000,8,21.5748,0,2026-09-24T05:12:32.369778+00:00,2026-09-24T05:12:53.947191+00:00,scenes/closed_c0_s0.json,77EBC590481150935EE0C5E6C774247C3E7707F22FD017F703AC91C1B77C87D5,raw_runs/closed_c0_s0_r1/closed_c0_s0.2026-09-24_05-12-32z.1000samp.png,84CE998F39867901E640D2334BF298653D98F7E9CB28B0BA1292B3EA003ECF9A,1B80A5666C2B4FE17DFBF999CAC77124DCE99B768B0DAFD9536557740FD3E843,raw_runs/closed_c0_s0_r1/stdout.log,raw_runs/closed_c0_s0_r1/stderr.log
closed_c0_s1_r1,closed,benchmark,False,True,True,True,True,800,800,1000,8,70.069068,0,2026-09-24T05:12:54.189066+00:00,2026-09-24T05:14:04.259902+00:00,scenes/closed_c0_s1.json,2492AF79C7E31082C2FFEAD8C90C00050F71BEF7383F7B5FBD20349445640375,raw_runs/closed_c0_s1_r1/closed_c0_s1.2026-09-24_05-12-54z.1000samp.png,84CE998F39867901E640D2334BF298653D98F7E9CB28B0BA1292B3EA003ECF9A,1B80A5666C2B4FE17DFBF999CAC77124DCE99B768B0DAFD9536557740FD3E843,raw_runs/closed_c0_s1_r1/stdout.log,raw_runs/closed_c0_s1_r1/stderr.log
closed_c1_s0_r1,closed,benchmark,True,False,True,True,True,800,800,1000,8,20.830202,0,2026-09-24T05:14:04.387183+00:00,2026-09-24T05:14:25.218827+00:00,scenes/closed_c1_s0.json,4BA851AD132163DA6240FBB6F61850912C117059B53F61FDE9A4886A6341C655,raw_runs/closed_c1_s0_r1/closed_c1_s0.2026-09-24_05-14-04z.1000samp.png,84CE998F39867901E640D2334BF298653D98F7E9CB28B0BA1292B3EA003ECF9A,1B80A5666C2B4FE17DFBF999CAC77124DCE99B768B0DAFD9536557740FD3E843,raw_runs/closed_c1_s0_r1/stdout.log,raw_runs/closed_c1_s0_r1/stderr.log
closed_c1_s1_r1,closed,benchmark,True,True,True,True,True,800,800,1000,8,68.660077,0,2026-09-24T05:14:25.360632+00:00,2026-09-24T05:15:34.023189+00:00,scenes/closed_c1_s1.json,936359189247B5C4618A887CC0437478E817C647267E145015C3D8C4FD1897BF,raw_runs/closed_c1_s1_r1/closed_c1_s1.2026-09-24_05-14-25z.1000samp.png,84CE998F39867901E640D2334BF298653D98F7E9CB28B0BA1292B3EA003ECF9A,1B80A5666C2B4FE17DFBF999CAC77124DCE99B768B0DAFD9536557740FD3E843,raw_runs/closed_c1_s1_r1/stdout.log,raw_runs/closed_c1_s1_r1/stderr.log
open_c1_s1_r2,open,benchmark,True,True,True,True,True,800,800,1000,8,47.211211,0,2026-09-24T05:15:34.162198+00:00,2026-09-24T05:16:21.376113+00:00,scenes/open_c1_s1.json,51155A2208308695892ADA82677EBCCE118697E1887AAE305B487EA7C836487A,raw_runs/open_c1_s1_r2/open_c1_s1.2026-09-24_05-15-34z.1000samp.png,59C462B0CBE75FE5EA2D2FD96717B7DDDBD5ED3AD6B712B4BF0BD6ED7F006398,1B80A5666C2B4FE17DFBF999CAC77124DCE99B768B0DAFD9536557740FD3E843,raw_runs/open_c1_s1_r2/stdout.log,raw_runs/open_c1_s1_r2/stderr.log
closed_c0_s0_r2,closed,benchmark,False,False,True,True,True,800,800,1000,8,20.151247,0,2026-09-24T05:16:21.502787+00:00,2026-09-24T05:16:41.655121+00:00,scenes/closed_c0_s0.json,77EBC590481150935EE0C5E6C774247C3E7707F22FD017F703AC91C1B77C87D5,raw_runs/closed_c0_s0_r2/closed_c0_s0.2026-09-24_05-16-21z.1000samp.png,84CE998F39867901E640D2334BF298653D98F7E9CB28B0BA1292B3EA003ECF9A,1B80A5666C2B4FE17DFBF999CAC77124DCE99B768B0DAFD9536557740FD3E843,raw_runs/closed_c0_s0_r2/stdout.log,raw_runs/closed_c0_s0_r2/stderr.log
closed_c0_s1_r2,closed,benchmark,False,True,True,True,True,800,800,1000,8,64.754143,0,2026-09-24T05:16:41.781756+00:00,2026-09-24T05:17:46.538421+00:00,scenes/closed_c0_s1.json,2492AF79C7E31082C2FFEAD8C90C00050F71BEF7383F7B5FBD20349445640375,raw_runs/closed_c0_s1_r2/closed_c0_s1.2026-09-24_05-16-41z.1000samp.png,84CE998F39867901E640D2334BF298653D98F7E9CB28B0BA1292B3EA003ECF9A,1B80A5666C2B4FE17DFBF999CAC77124DCE99B768B0DAFD9536557740FD3E843,raw_runs/closed_c0_s1_r2/stdout.log,raw_runs/closed_c0_s1_r2/stderr.log
closed_c1_s0_r2,closed,benchmark,True,False,True,True,True,800,800,1000,8,20.120583,0,2026-09-24T05:17:46.663336+00:00,2026-09-24T05:18:06.785489+00:00,scenes/closed_c1_s0.json,4BA851AD132163DA6240FBB6F61850912C117059B53F61FDE9A4886A6341C655,raw_runs/closed_c1_s0_r2/closed_c1_s0.2026-09-24_05-17-46z.1000samp.png,84CE998F39867901E640D2334BF298653D98F7E9CB28B0BA1292B3EA003ECF9A,1B80A5666C2B4FE17DFBF999CAC77124DCE99B768B0DAFD9536557740FD3E843,raw_runs/closed_c1_s0_r2/stdout.log,raw_runs/closed_c1_s0_r2/stderr.log
closed_c1_s1_r2,closed,benchmark,True,True,True,True,True,800,800,1000,8,64.880829,0,2026-09-24T05:18:06.908357+00:00,2026-09-24T05:19:11.791280+00:00,scenes/closed_c1_s1.json,936359189247B5C4618A887CC0437478E817C647267E145015C3D8C4FD1897BF,raw_runs/closed_c1_s1_r2/closed_c1_s1.2026-09-24_05-18-06z.1000samp.png,84CE998F39867901E640D2334BF298653D98F7E9CB28B0BA1292B3EA003ECF9A,1B80A5666C2B4FE17DFBF999CAC77124DCE99B768B0DAFD9536557740FD3E843,raw_runs/closed_c1_s1_r2/stdout.log,raw_runs/closed_c1_s1_r2/stderr.log
open_c0_s0_r2,open,benchmark,False,False,True,True,True,800,800,1000,8,18.429946,0,2026-09-24T05:19:11.933081+00:00,2026-09-24T05:19:30.366367+00:00,scenes/open_c0_s0.json,C256EB404D4518FAA6B9761A03D5663D1C32DD7790F832CDAE39FE3CFFC8D3E6,raw_runs/open_c0_s0_r2/open_c0_s0.2026-09-24_05-19-11z.1000samp.png,59C462B0CBE75FE5EA2D2FD96717B7DDDBD5ED3AD6B712B4BF0BD6ED7F006398,1B80A5666C2B4FE17DFBF999CAC77124DCE99B768B0DAFD9536557740FD3E843,raw_runs/open_c0_s0_r2/stdout.log,raw_runs/open_c0_s0_r2/stderr.log
open_c0_s1_r2,open,benchmark,False,True,True,True,True,800,800,1000,8,59.703926,0,2026-09-24T05:19:30.486029+00:00,2026-09-24T05:20:30.190719+00:00,scenes/open_c0_s1.json,44A43A96A54C113AEA424A542E47FF38FB2C9F84E2B2629A68D6739EB881EB5E,raw_runs/open_c0_s1_r2/open_c0_s1.2026-09-24_05-19-30z.1000samp.png,59C462B0CBE75FE5EA2D2FD96717B7DDDBD5ED3AD6B712B4BF0BD6ED7F006398,1B80A5666C2B4FE17DFBF999CAC77124DCE99B768B0DAFD9536557740FD3E843,raw_runs/open_c0_s1_r2/stdout.log,raw_runs/open_c0_s1_r2/stderr.log
open_c1_s0_r2,open,benchmark,True,False,True,True,True,800,800,1000,8,13.945861,0,2026-09-24T05:20:30.345711+00:00,2026-09-24T05:20:44.294011+00:00,scenes/open_c1_s0.json,D8052A2B9EC4356A3C29FFA5F885C529BD72660C3919DA8C6971198FA8C1E8C1,raw_runs/open_c1_s0_r2/open_c1_s0.2026-09-24_05-20-30z.1000samp.png,59C462B0CBE75FE5EA2D2FD96717B7DDDBD5ED3AD6B712B4BF0BD6ED7F006398,1B80A5666C2B4FE17DFBF999CAC77124DCE99B768B0DAFD9536557740FD3E843,raw_runs/open_c1_s0_r2/stdout.log,raw_runs/open_c1_s0_r2/stderr.log
closed_c1_s0_r3,closed,benchmark,True,False,True,True,True,800,800,1000,8,19.992108,0,2026-09-24T05:20:44.420524+00:00,2026-09-24T05:21:04.413704+00:00,scenes/closed_c1_s0.json,4BA851AD132163DA6240FBB6F61850912C117059B53F61FDE9A4886A6341C655,raw_runs/closed_c1_s0_r3/closed_c1_s0.2026-09-24_05-20-44z.1000samp.png,84CE998F39867901E640D2334BF298653D98F7E9CB28B0BA1292B3EA003ECF9A,1B80A5666C2B4FE17DFBF999CAC77124DCE99B768B0DAFD9536557740FD3E843,raw_runs/closed_c1_s0_r3/stdout.log,raw_runs/closed_c1_s0_r3/stderr.log
closed_c1_s1_r3,closed,benchmark,True,True,True,True,True,800,800,1000,8,64.338126,0,2026-09-24T05:21:04.551701+00:00,2026-09-24T05:22:08.892903+00:00,scenes/closed_c1_s1.json,936359189247B5C4618A887CC0437478E817C647267E145015C3D8C4FD1897BF,raw_runs/closed_c1_s1_r3/closed_c1_s1.2026-09-24_05-21-04z.1000samp.png,84CE998F39867901E640D2334BF298653D98F7E9CB28B0BA1292B3EA003ECF9A,1B80A5666C2B4FE17DFBF999CAC77124DCE99B768B0DAFD9536557740FD3E843,raw_runs/closed_c1_s1_r3/stdout.log,raw_runs/closed_c1_s1_r3/stderr.log
open_c0_s0_r3,open,benchmark,False,False,True,True,True,800,800,1000,8,18.452119,0,2026-09-24T05:22:09.016969+00:00,2026-09-24T05:22:27.469581+00:00,scenes/open_c0_s0.json,C256EB404D4518FAA6B9761A03D5663D1C32DD7790F832CDAE39FE3CFFC8D3E6,raw_runs/open_c0_s0_r3/open_c0_s0.2026-09-24_05-22-09z.1000samp.png,59C462B0CBE75FE5EA2D2FD96717B7DDDBD5ED3AD6B712B4BF0BD6ED7F006398,1B80A5666C2B4FE17DFBF999CAC77124DCE99B768B0DAFD9536557740FD3E843,raw_runs/open_c0_s0_r3/stdout.log,raw_runs/open_c0_s0_r3/stderr.log
open_c0_s1_r3,open,benchmark,False,True,True,True,True,800,800,1000,8,59.603918,0,2026-09-24T05:22:27.587177+00:00,2026-09-24T05:23:27.195046+00:00,scenes/open_c0_s1.json,44A43A96A54C113AEA424A542E47FF38FB2C9F84E2B2629A68D6739EB881EB5E,raw_runs/open_c0_s1_r3/open_c0_s1.2026-09-24_05-22-27z.1000samp.png,59C462B0CBE75FE5EA2D2FD96717B7DDDBD5ED3AD6B712B4BF0BD6ED7F006398,1B80A5666C2B4FE17DFBF999CAC77124DCE99B768B0DAFD9536557740FD3E843,raw_runs/open_c0_s1_r3/stdout.log,raw_runs/open_c0_s1_r3/stderr.log
open_c1_s0_r3,open,benchmark,True,False,True,True,True,800,800,1000,8,13.90574,0,2026-09-24T05:23:27.317344+00:00,2026-09-24T05:23:41.224467+00:00,scenes/open_c1_s0.json,D8052A2B9EC4356A3C29FFA5F885C529BD72660C3919DA8C6971198FA8C1E8C1,raw_runs/open_c1_s0_r3/open_c1_s0.2026-09-24_05-23-27z.1000samp.png,59C462B0CBE75FE5EA2D2FD96717B7DDDBD5ED3AD6B712B4BF0BD6ED7F006398,1B80A5666C2B4FE17DFBF999CAC77124DCE99B768B0DAFD9536557740FD3E843,raw_runs/open_c1_s0_r3/stdout.log,raw_runs/open_c1_s0_r3/stderr.log
open_c1_s1_r3,open,benchmark,True,True,True,True,True,800,800,1000,8,47.560771,0,2026-09-24T05:23:41.350190+00:00,2026-09-24T05:24:28.913041+00:00,scenes/open_c1_s1.json,51155A2208308695892ADA82677EBCCE118697E1887AAE305B487EA7C836487A,raw_runs/open_c1_s1_r3/open_c1_s1.2026-09-24_05-23-41z.1000samp.png,59C462B0CBE75FE5EA2D2FD96717B7DDDBD5ED3AD6B712B4BF0BD6ED7F006398,1B80A5666C2B4FE17DFBF999CAC77124DCE99B768B0DAFD9536557740FD3E843,raw_runs/open_c1_s1_r3/stdout.log,raw_runs/open_c1_s1_r3/stderr.log
closed_c0_s0_r3,closed,benchmark,False,False,True,True,True,800,800,1000,8,19.991509,0,2026-09-24T05:24:29.038071+00:00,2026-09-24T05:24:49.030620+00:00,scenes/closed_c0_s0.json,77EBC590481150935EE0C5E6C774247C3E7707F22FD017F703AC91C1B77C87D5,raw_runs/closed_c0_s0_r3/closed_c0_s0.2026-09-24_05-24-29z.1000samp.png,84CE998F39867901E640D2334BF298653D98F7E9CB28B0BA1292B3EA003ECF9A,1B80A5666C2B4FE17DFBF999CAC77124DCE99B768B0DAFD9536557740FD3E843,raw_runs/closed_c0_s0_r3/stdout.log,raw_runs/closed_c0_s0_r3/stderr.log
closed_c0_s1_r3,closed,benchmark,False,True,True,True,True,800,800,1000,8,64.582316,0,2026-09-24T05:24:49.154323+00:00,2026-09-24T05:25:53.739619+00:00,scenes/closed_c0_s1.json,2492AF79C7E31082C2FFEAD8C90C00050F71BEF7383F7B5FBD20349445640375,raw_runs/closed_c0_s1_r3/closed_c0_s1.2026-09-24_05-24-49z.1000samp.png,84CE998F39867901E640D2334BF298653D98F7E9CB28B0BA1292B3EA003ECF9A,1B80A5666C2B4FE17DFBF999CAC77124DCE99B768B0DAFD9536557740FD3E843,raw_runs/closed_c0_s1_r3/stdout.log,raw_runs/closed_c0_s1_r3/stderr.log
original_c1_s0,original,image_regression_not_benchmark,True,False,True,True,True,800,800,1000,8,11.149569,0,2026-09-24T05:25:53.878996+00:00,2026-09-24T05:26:05.030238+00:00,scenes/original_c1_s0.json,674C5C9976C3F085C1E4035A70C38C6C2C7F7A1E032C22C93AA5DBF9B09A2D69,raw_runs/original_c1_s0/original_c1_s0.2026-09-24_05-25-53z.1000samp.png,B461F9A38787FB9B401CCC481FE2B88579BD9D133532B865161B3E1BBB31B70B,1B80A5666C2B4FE17DFBF999CAC77124DCE99B768B0DAFD9536557740FD3E843,raw_runs/original_c1_s0/stdout.log,raw_runs/original_c1_s0/stderr.log
original_c1_s1,original,image_regression_not_benchmark,True,True,True,True,True,800,800,1000,8,38.286298,0,2026-09-24T05:26:05.174271+00:00,2026-09-24T05:26:43.462852+00:00,scenes/original_c1_s1.json,8DB79267DBF571A7C248734A24337EBA53D6915CBDE995987D0235784A20821D,raw_runs/original_c1_s1/original_c1_s1.2026-09-24_05-26-05z.1000samp.png,B461F9A38787FB9B401CCC481FE2B88579BD9D133532B865161B3E1BBB31B70B,1B80A5666C2B4FE17DFBF999CAC77124DCE99B768B0DAFD9536557740FD3E843,raw_runs/original_c1_s1/stdout.log,raw_runs/original_c1_s1/stderr.log
mixed_c1_s0,mixed,image_regression_not_benchmark,True,False,True,True,True,800,800,1000,8,35.251354,0,2026-09-24T05:26:43.621487+00:00,2026-09-24T05:27:18.875031+00:00,scenes/mixed_c1_s0.json,45D54A7D202D24B1E0705F756D25A7696D54F620D5454C95A407711EACB766B5,raw_runs/mixed_c1_s0/mixed_c1_s0.2026-09-24_05-26-43z.1000samp.png,B05A794C7EFCF14DECC0F2D0177F5BDB6F715D192CFEF5485EA240D577DEFA18,1B80A5666C2B4FE17DFBF999CAC77124DCE99B768B0DAFD9536557740FD3E843,raw_runs/mixed_c1_s0/stdout.log,raw_runs/mixed_c1_s0/stderr.log
mixed_c1_s1,mixed,image_regression_not_benchmark,True,True,True,True,True,800,800,1000,8,73.200867,0,2026-09-24T05:27:19.017541+00:00,2026-09-24T05:28:32.220770+00:00,scenes/mixed_c1_s1.json,F4A86E17043314606C1215DB4AFC88A2C555D6C289989F691701B1BF458B9FCA,raw_runs/mixed_c1_s1/mixed_c1_s1.2026-09-24_05-27-19z.1000samp.png,B05A794C7EFCF14DECC0F2D0177F5BDB6F715D192CFEF5485EA240D577DEFA18,1B80A5666C2B4FE17DFBF999CAC77124DCE99B768B0DAFD9536557740FD3E843,raw_runs/mixed_c1_s1/stdout.log,raw_runs/mixed_c1_s1/stderr.log
